the,61847,
of,29391,
and,26817,
a,21626,
in,18214,
to,16284,
it,10875,
is,9982,
to,9343,
was,9236,
I,8875,
for,8412,
that,7308,
you,6954,
he,6810,
be*,6644,
with,6575,
on,6475,
by,5096,
at,4790,
have*,4735,
are,4707,
not,4626,
this,4623,
's,4599,
but,4577,
had,4452,
they,4332,
his,4285,
from,4134,
she,3801,
that,3792,
which,3719,
or,3707,
we,3578,
's,3490,
an,3430,
~n't,3328,
were,3227,
as,3006,
do,2802,
been,2686,
their,2608,
has,2593,
would,2551,
there,2532,
what,2493,
will,2470,
all,2436,
if,2369,
can,2354,
her*,2183,
said,2087,
who,2055,
one,1962,
so,1893,
up,1795,
as,1774,
them,1733,
some,1712,
when,1712,
could,1683,
him,1649,
into,1634,
its,1632,
then,1595,
two,1561,
out,1542,
time,1542,
my,1525,
about,1524,
did,1434,
your,1383,
now,1382,
me,1364,
no,1343,
other,1336,
only,1298,
just,1277,
more,1275,
these,1254,
also,1248,
people,1241,
know,1233,
any,1220,
first,1193,
see,1186,
very,1165,
new,1145,
may,1135,
well,1119,
should,1112,
her*,1085,
like,1064,
than,1033,
how,1016,
get,995,
way,958,
one,953,
our,950,
made,943,
got,932,
after,927,
think,916,
between,903,
many,902,
years,902,
er,896,
've,891,
those,888,
go,881,
being,862,
because*,852,
down,845,
're,835,
yeah,834,
three,797,
good,795,
back,793,
make,791,
such,763,
on,756,
there,746,
through,743,
year,737,
over,735,
'll,726,
must,723,
still,718,
even,716,
take,715,
too,701,
more,699,
here,699,
own,695,
come,695,
last,691,
does,687,
oh,684,
say,679,
no,662,
going*,658,
'm,658,
work,653,
where,628,
erm,627,
us,623,
government,622,
same,615,
man,614,
might,614,
day,610,
yes,606,
however,605,
put,596,
world,590,
over,584,
another,581,
in,573,
want,572,
as,567,
life,566,
most,565,
against,562,
again,561,
never,559,
under,553,
old,544,
much,531,
something,526,
Mr,524,
why,509,
each,508,
while,503,
house,501,
part,496,
number,493,
out of,491,
found*,489,
off,486,
different,484,
went,483,
really,481,
',479,
thought,473,
came,472,
used,469,
children,466,
always,462,
four,461,
where,458,
without,456,
give,451,
few,450,
within,449,
about,447,
system,447,
local,445,
place,443,
great,442,
during,440,
although,436,
small,435,
before,434,
look,433,
next,431,
when,431,
case,431,
end,429,
things,424,
social,422,
most,422,
find,420,
group,414,
quite,412,
mean,411,
five,407,
party,403,
every,401,
company,401,
women,399,
says,398,
important,392,
took,391,
much,390,
men,389,
information,386,
1,385,
per cent,382,
both,378,
national,376,
often,376,
seen,376,
given,375,
school,375,
fact,374,
money,374,
told,372,
away,371,
high,370,
point,369,
night,365,
state,364,
business,358,
second,358,
British,357,
need,356,
taken,355,
done,354,
right,354,
'd [= would],353,
having,353,
thing,352,
looked,352,
London,351,
area,351,
perhaps,350,
head,350,
water,349,
right,346,
family,345,
long,345,
2,344,
hand,344,
like,344,
already,343,
possible,342,
nothing,341,
yet,337,
large,337,
left,336,
side,335,
asked,334,
set,332,
whether,332,
days,331,
mm,330,
home,330,
called,329,
John,328,
development,324,
week,322,
such as,321,
use,319,
country,319,
power,318,
ca~,318,
later,317,
almost,316,
'd [= had],315,
young,315,
council,313,
himself,311,
of course,310,
far,310,
both,310,
use,310,
room,309,
together,308,
tell,307,
little,306,
political,306,
before,305,
able,304,
become,304,
six,303,
general,301,
service,300,
eyes,297,
members,297,
since,295,
times,292,
problem,290,
anything,288,
market,287,
towards,286,
court,285,
public,285,
others,282,
face,282,
full,281,
doing,279,
war,279,
car,278,
felt,278,
police,278,
keep,276,
held,276,
problems,275,
road,273,
probably,273,
help,272,
interest,272,
available,272,
law,270,
best,266,
form,266,
A / a,266,
looking,264,
early,264,
making,264,
today,263,
mother,262,
saw,261,
knew,261,
education,260,
work,260,
actually,260,
policy,260,
ever,259,
so,258,
at least,257,
office,257,
am,256,
research,256,
feel,256,
big,255,
body,255,
door,254,
let,253,
Britain,251,
3,250,
name,250,
person,250,
services,249,
months,248,
report,248,
question,248,
using,247,
health,246,
turned,246,
lot*,246,
million,245,
main,245,
though,245,
words,244,
enough,244,
child,244,
less,243,
book,243,
period,243,
until,242,
several,240,
sure,240,
father,239,
for example,239,
level,239,
control,238,
known,238,
society,238,
major,238,
seemed,238,
around,237,
began,237,
itself,237,
themselves,237,
minister,237,
economic,236,
wanted,234,
upon,234,
areas,234,
after,233,
therefore,232,
woman,232,
England,231,
city,231,
community,231,
only,231,
including,230,
centre,230,
gave,229,
job,229,
among,229,
position,228,
effect,228,
likely,227,
real,227,
clear,227,
staff,226,
black,225,
kind,225,
read,225,
provide,223,
particular,223,
became,223,
line,221,
moment,221,
international,221,
action,221,
special,220,
difficult,220,
certain,220,
particularly,220,
either,220,
open,219,
management,218,
taking,218,
across,217,
idea,217,
further*,216,
whole,216,
age,216,
process,215,
act,215,
around,215,
evidence,215,
view,214,
better,214,
off,214,
mind,213,
sense,213,
rather,213,
seems,212,
believe,212,
morning,211,
third,211,
else,209,
half,209,
white,206,
death,205,
sometimes,205,
thus,205,
brought,204,
getting,203,
church,203,
ten,203,
shall,202,
try,202,
behind,202,
heard,202,
God,202,
table,201,
change,201,
4,201,
support,201,
back,200,
sort,199,
Mrs,198,
whose,198,
industry,198,
ago,198,
free,198,
care,198,
so that,197,
order,197,
century,197,
range,196,
European,195,
gone,195,
yesterday,195,
training,194,
working,194,
ask,194,
street,194,
home,194,
word,193,
groups,193,
history,193,
central,193,
all,193,
study,192,
usually,191,
remember,191,
trade,191,
hundred,191,
programme,190,
food,190,
committee,190,
air,189,
hours,189,
experience,189,
rate,189,
hands,188,
indeed,188,
sir,188,
language,188,
land,188,
result,187,
course,187,
someone,187,
everything,187,
certainly,186,
based,186,
team,186,
section,186,
10,186,
leave,185,
trying,185,
coming,185,
similar,184,
once,183,
minutes,183,
authority,183,
human,183,
changes,183,
little,183,
cases,183,
common,182,
role,182,
data/datum,182,
true,181,
Europe,181,
necessary,181,
nature,181,
class,181,
reason,181,
long,181,
saying,180,
town,180,
show,180,
subject,179,
voice,179,
companies,178,
since,178,
because of,178,
simply,177,
especially,177,
B / b,177,
department,177,
single,177,
short,177,
personal,176,
as well as,176,
5,176,
pay,175,
value,175,
member,175,
started,175,
run,174,
patients,173,
paper,173,
private,173,
seven,173,
UK,173,
eight,173,
systems,173,
herself,172,
practice,171,
wife,171,
price,170,
type,170,
seem,170,
figure,170,
former,170,
rather than,169,
lost,169,
right,169,
need,169,
matter,168,
decision,168,
bank,168,
countries,168,
until,167,
makes,166,
union,166,
terms,165,
financial,165,
needed,165,
south,165,
university,164,
club,164,
president,164,
friend,164,
parents,163,
quality,163,
cos*,163,
building,163,
north,163,
stage,162,
meeting,162,
wo~,161,
foreign,161,
soon,161,
strong,160,
situation,160,
comes,160,
late,159,
bed,159,
recent,158,
date,158,
low,158,
US,158,
concerned,158,
girl,158,
hard,157,
American,157,
David,157,
according to,157,
as if,157,
twenty,156,
higher,156,
tax,156,
used (to),156,
production,156,
various,155,
understand,155,
led,154,
bring,154,
schools,154,
ground,154,
conditions,154,
secretary,154,
weeks,154,
clearly,153,
bad,153,
art,153,
start,153,
up to,152,
include,152,
poor,151,
hospital,151,
friends,151,
decided,151,
~na*,150,
shown,150,
music,150,
month,150,
English,150,
tried,150,
game,150,
1990,150,
May,150,
anyone,150,
wrong,149,
ways,149,
chapter,149,
followed,149,
cost,149,
play,149,
present,148,
love,148,
issue,148,
at all,148,
goes,148,
described,148,
more than*,148,
award,148,
Mr.,148,
king,147,
royal,147,
results,147,
workers,147,
April,147,
expected,146,
amount,146,
students,146,
despite,146,
knowledge,146,
June,146,
moved,146,
news,145,
light,145,
March,145,
approach,145,
lord,145,
p.,145,
cut,145,
basis,145,
hair,144,
required,144,
further,144,
paid,144,
series,144,
better,143,
before,143,
field,143,
allowed,143,
easy,143,
kept,143,
questions,143,
natural,142,
live,142,
future,142,
rest,142,
project,141,
greater,141,
feet,141,
meet,141,
simple,140,
died,140,
for,139,
happened,139,
added,139,
C / c,138,
manager,138,
computer,138,
security,138,
near,138,
met,138,
evening,138,
means,138,
round,138,
carried,138,
hear,137,
bit*,137,
heart,137,
forward,137,
sent,137,
above,137,
attention,137,
labour*,137,
story,137,
structure,137,
move,136,
agreed,136,
nine,136,
&,136,
letter,136,
individual,136,
force,136,
studies,136,
movement,135,
account,135,
per,135,
call,135,
6,134,
board,134,
success,134,
1989,134,
French,134,
following,134,
considered,134,
current,133,
everyone,133,
fire,133,
agreement,133,
please,133,
boy,133,
capital,133,
stood,133,
analysis,132,
whatever,132,
population,132,
20,131,
modern,131,
theory,131,
books,131,
labour*,131,
stop,131,
in order,131,
legal,131,
Scotland,131,
material,131,
son,131,
received,130,
model,130,
chance,130,
environment,130,
finally,130,
performance,130,
sea,130,
rights,130,
growth,130,
authorities,130,
provided,130,
nice,129,
whom,129,
produced,129,
relationship,129,
talk,129,
turn,129,
built,129,
final,129,
east,128,
1991,128,
talking,128,
fine,127,
worked,127,
west,127,
parties,127,
size,127,
record,126,
red,126,
close,126,
property,125,
myself,125,
gon~,125,
example,125,
space,125,
giving,125,
normal,124,
nor,124,
reached,124,
buy,124,
serious,124,
quickly,124,
Peter,124,
along,123,
plan,123,
behaviour,123,
France,123,
recently,123,
term,123,
previous,123,
couple,123,
included,123,
pounds,123,
anyway,122,
cup,122,
treatment,122,
energy,122,
total,122,
thank,122,
director,122,
12,121,
prime,121,
levels,121,
significant,121,
issues,121,
sat,121,
income,120,
top,120,
choice,120,
away from,120,
costs,120,
design,119,
pressure,119,
scheme,119,
July,119,
change,119,
a bit,119,
list,118,
suddenly,118,
continue,118,
technology,118,
hall,118,
takes,118,
ones,118,
details,117,
happy,117,
consider,117,
won,117,
defence,116,
following,116,
parts,116,
loss,116,
industrial,116,
activities,116,
throughout,116,
spent,116,
outside,116,
teachers,116,
generally,116,
opened,115,
floor,115,
round,115,
activity,115,
hope,115,
points,115,
association,115,
nearly,115,
United,115,
allow,115,
rates,115,
sun,115,
army,114,
sorry,114,
wall,114,
hotel,114,
forces,114,
contract,114,
dead,114,
30,114,
Paul,114,
stay,114,
reported,114,
as well,113,
hour,113,
difference,113,
meant,113,
summer,113,
county,113,
specific,113,
numbers,113,
wide,113,
appropriate,113,
husband,112,
top,112,
played,112,
relations,112,
Dr,112,
figures,112,
chairman,112,
set,112,
lower,111,
product,111,
colour,111,
ideas,111,
George,111,
St,111,
look,110,
arms,110,
obviously,110,
unless,110,
produce,110,
changed,109,
season,109,
developed,109,
unit,109,
15,109,
appear,109,
investment,109,
Soviet,109,
test,109,
basic,109,
write,109,
village,109,
reasons,108,
military,108,
original,108,
successful,108,
garden,108,
effects,108,
each other,108,
aware,108,
yourself,107,
exactly,107,
help,107,
suppose,107,
showed,107,
style,107,
7,107,
employment,107,
passed,107,
appeared,107,
de*,107,
page,106,
hold,106,
suggested,106,
Germany,106,
continued,106,
October,106,
offered,106,
products,106,
popular,106,
science,106,
New,106,
window,106,
expect,106,
hon.,105,
beyond,105,
resources,105,
rules,105,
professional,105,
announced,105,
economy,105,
picture,105,
okay,105,
needs,105,
doctor,105,
maybe,105,
events,105,
a little,104,
direct,104,
gives,104,
advice,104,
running,104,
circumstances,104,
sales,104,
risk,104,
interests,104,
September,104,
dark,104,
event,104,
thousand,104,
involved,103,
written,103,
park,103,
1988,103,
returned,103,
ensure,103,
America,103,
fish,103,
wish,103,
opportunity,103,
commission,102,
1992,102,
oil,102,
sound,102,
ready,102,
lines,102,
shop,102,
looks,102,
James,102,
immediately,102,
worth,102,
in terms of,102,
college,102,
press,102,
January,102,
fell,101,
blood,101,
goods,101,
playing,101,
carry,101,
less,101,
film,101,
prices,101,
useful,101,
conference,101,
operation,100,
follows,100,
extent,100,
designed,100,
application,100,
station,100,
television,100,
access,100,
Richard,100,
response,100,
degree,100,
majority,100,
effective,99,
established,99,
wrote,99,
region,99,
green,99,
York,99,
ah,99,
western,99,
traditional,99,
easily,99,
cold,99,
shows,99,
offer,99,
though,99,
statement,98,
Scottish,98,
published,98,
forms,98,
German,98,
down,98,
accept,98,
miles,98,
independent,98,
election,98,
support,97,
8,97,
importance,97,
lady,97,
site,97,
jobs,97,
needs,97,
plans,97,
earth,97,
earlier,97,
title,97,
parliament,97,
standards,96,
leaving,96,
interesting,96,
houses,96,
planning,96,
considerable,96,
girls,96,
involved,96,
Ireland,96,
increase,96,
species,96,
stopped,96,
concern,96,
public,96,
means,96,
caused,96,
raised,95,
through,95,
glass,95,
physical,95,
thought,95,
Michael,95,
eye,95,
left,95,
heavy,94,
walked,94,
daughter,94,
existing,94,
competition,94,
speak,94,
responsible,94,
up to,94,
river,94,
follow,94,
software,94,
complete,94,
above,94,
November,94,
December,94,
purpose,93,
mouth,93,
medical,93,
responsibility,93,
Sunday,93,
Wales,93,
leader,93,
tomorrow,93,
piece,92,
11,92,
thirty,92,
lay,92,
officer,92,
task,92,
blue,92,
on to,92,
answer,92,
stand,92,
thinking,92,
extra,92,
highly,91,
places,91,
arm,91,
eventually,91,
campaign,91,
ability,91,
appeal,91,
whole,91,
Charles,91,
skills,91,
opposition,91,
remained,91,
pattern,91,
method,91,
miss*,91,
hot,91,
lead,91,
source,91,
bought,91,
baby,91,
lack,90,
once,90,
bill,90,
division,90,
remain,90,
surface,90,
older,90,
charge,90,
methods,89,
trouble,89,
fully,89,
equipment,89,
moving,89,
suggest,89,
disease,89,
officers,89,
past,89,
peace,89,
male,89,
slightly,89,
demand,89,
failed,89,
wants,89,
attempt,89,
types,89,
Christmas,88,
hit,88,
post,88,
policies,88,
hardly,88,
ii,88,
arrived,88,
no longer,88,
compared,88,
below,88,
otherwise,88,
windows,88,
West,88,
deal,88,
directly,88,
interested,88,
sale,88,
like,88,
firm,88,
status,88,
happen,88,
box,88,
even if,87,
teacher,87,
radio,87,
provision,87,
variety,87,
show,87,
ran,87,
sector,87,
return,87,
factors,87,
essential,87,
direction,87,
beautiful,87,
civil,87,
base,86,
waiting,86,
caught,86,
sit,86,
develop,86,
character,86,
safety,86,
placed,86,
past,86,
completely,86,
tea,86,
introduced,86,
killed,86,
love,86,
mum,86,
I / i,86,
context,86,
fifty,86,
primary,86,
animals,86,
culture,86,
Oxford,86,
brother,85,
obvious,85,
weight,85,
discussion,85,
created,85,
1987,85,
future,85,
other,85,
start,85,
States,85,
none,84,
sold,84,
let's,84,
machine,84,
afternoon,84,
knows,84,
environmental,84,
fair,84,
William,84,
February,84,
provides,84,
wait,84,
league,83,
trees,83,
positive,83,
organisation,83,
win,83,
condition,83,
families,83,
argument,83,
sex,83,
Saturday,83,
learn,83,
up,83,
normally,83,
claimed,83,
truth,83,
senior,82,
kitchen,82,
works,82,
add,82,
lived,82,
library,82,
minute,82,
believed,82,
enough,82,
transport,82,
share,82,
principle,82,
create,82,
agree,82,
born,82,
players,82,
cash,82,
exchange,82,
rule,82,
budget,82,
turn,81,
pupils,81,
nuclear,81,
sitting,81,
version,81,
English,81,
best,81,
no one*,81,
features,81,
18,81,
duty,81,
annual,81,
balance,81,
16,81,
front,81,
send,80,
boys,80,
presence,80,
protection,80,
dog,80,
courses,80,
individuals,80,
matters,80,
media,80,
avoid,80,
influence,80,
9,80,
presented,80,
14,80,
speaker,80,
stone,79,
relevant,79,
apply,79,
August,79,
explain,79,
deep,79,
Robert,79,
1986,79,
achieved,79,
slowly,79,
relatively,79,
P / p,79,
shares,79,
letters,79,
finished,79,
survey,79,
huge,79,
accepted,79,
covered,79,
review,79,
Smith,79,
closed,79,
form,79,
marriage,79,
commercial,79,
aid,78,
lives,78,
collection,78,
living,78,
speech,78,
Africa,78,
regional,78,
differences,78,
benefit,78,
apparently,78,
effort,78,
gets,78,
executive,78,
due to,78,
later,78,
latter,78,
function,78,
failure,78,
return,78,
chair,77,
reference,77,
horse,77,
becomes,77,
attack,77,
reports,77,
practical,77,
queen,77,
25,77,
subjects,77,
career,77,
bar,77,
official,77,
text,77,
appears,77,
separate,77,
student,77,
names,76,
sell,76,
holiday,76,
larger,76,
cells,76,
open,76,
progress,76,
early,76,
states,76,
helped,76,
visit,76,
smiled,76,
stock,76,
memory,76,
merely,76,
studio,76,
13,76,
key,76,
putting,76,
eat,75,
opinion,75,
understanding,75,
regular,75,
decisions,75,
chief,75,
drawn,75,
firms,75,
remains,75,
facilities,75,
values,75,
district,75,
cars,75,
due,75,
mhm,75,
begin,75,
managed,75,
receive,75,
corner,75,
image,75,
edge,75,
sister,75,
politics,75,
expression,75,
instead,75,
impact,74,
quarter,74,
forced,74,
inside,74,
views,74,
scale,74,
plant,74,
race,74,
ball,74,
gold,74,
join,74,
Henry,74,
spend,74,
voice,74,
alone,74,
additional,74,
benefits,74,
1985,74,
trust,74,
for instance,74,
largely,73,
advantage,73,
associated,73,
increased,73,
standing,73,
dad,73,
foot,73,
somebody,73,
pain,73,
gas,73,
S / s,73,
clothes,73,
smaller,73,
as to,73,
aspects,73,
active,73,
affairs,73,
possibly,73,
increase,73,
railway,73,
ended,73,
feeling,73,
network,72,
leaders,72,
nevertheless,72,
cause,72,
half,72,
powerful,72,
step,72,
complex,72,
joined,72,
plants,72,
standard,72,
holding,72,
carefully,72,
length,72,
instead of,72,
mind,72,
rise,72,
strength,72,
crime,72,
D / d,71,
hard,71,
wind,71,
Mary,71,
possibility,71,
becoming,71,
damage,71,
records,71,
reduce,71,
examples,71,
mainly,71,
credit,71,
winter,71,
impossible,71,
insurance,71,
explained,71,
units,71,
currently,70,
forest,70,
formed,70,
somewhere,70,
earlier,70,
beginning,70,
regarded,70,
fall,70,
confidence,70,
discussed,70,
speed,70,
legislation,70,
mentioned,70,
along,70,
pulled,70,
spoke,70,
debate,70,
intended,70,
bodies,70,
message,70,
middle,70,
plus,70,
supply,69,
100,69,
sexual,69,
skin,69,
Edward,69,
stuff,69,
providing,69,
entirely,69,
front,69,
domestic,69,
require,69,
proved,69,
expressed,69,
treated,69,
match,69,
solution,69,
previously,69,
tonight,69,
patient,69,
actual,68,
difficulties,68,
farm,68,
united,68,
far,68,
build,68,
reach,68,
proposals,68,
extremely,68,
choose,68,
ministers,68,
technical,68,
fresh,68,
ordinary,68,
scene,68,
materials,68,
museum,68,
Thomas,68,
move,68,
article,68,
prevent,68,
achieve,68,
customers,68,
includes,68,
powers,68,
50,67,
band,67,
items,67,
justice,67,
play,67,
animal,67,
internal,67,
suggests,67,
excellent,67,
face,67,
rich,67,
assessment,67,
save,67,
EC,67,
phone,67,
fairly,67,
football,67,
watched,67,
E / e,67,
telephone,67,
steps,67,
decide,67,
South,67,
traffic,67,
in particular,67,
watch,67,
coffee,67,
deal,67,
sources,67,
past,67,
buildings,66,
increasingly,66,
relief,66,
distance,66,
introduction,66,
forty,66,
administration,66,
no,66,
safe,66,
applied,66,
sight,66,
Mark,66,
island,66,
potential,66,
banks,66,
housing,66,
meaning,66,
existence,66,
claim,66,
northern,66,
enjoy,66,
reduced,66,
twelve,66,
equally,66,
in front of,66,
religious,66,
walk,66,
very,65,
apart from,65,
watching,65,
cultural,65,
famous,65,
latest,65,
users,65,
TV,65,
cabinet,65,
legs,65,
institutions,65,
Japan,65,
measures,65,
reality,65,
proper,65,
24,65,
video,65,
worse,65,
lose,65,
argued,65,
train,65,
spirit,65,
programmes,65,
accounts,65,
trial,65,
target,65,
fear,65,
joint,64,
doubt,64,
formal,64,
unemployment,64,
all right*,64,
prison,64,
accident,64,
concept,64,
limited,64,
elements,64,
strange,64,
served,64,
papers,64,
discovered,64,
conservative*,64,
rock,64,
cover,64,
usual,64,
tree,64,
smile,64,
unable,64,
warm,64,
surely,63,
organization,63,
battle,63,
proportion,63,
difficulty,63,
sides,63,
refused,63,
17,63,
weekend,63,
construction,63,
picked,63,
distribution,63,
dinner,63,
wine,63,
while,63,
works,63,
obtained,63,
exercise,63,
writing,63,
asking,63,
showing,63,
ahead,63,
rural,63,
lovely,63,
applications,63,
twice,63,
factor,63,
path,62,
games,62,
funds,62,
whereas,62,
nobody,62,
shape,62,
initial,62,
substantial,62,
referred,62,
tend,62,
seat,62,
improve,62,
onto,62,
Christian,62,
thanks,62,
aircraft,62,
light,62,
contact,62,
quiet,62,
rain,62,
background,62,
identified,62,
contrast,62,
officials,62,
strategy,62,
average,62,
master,62,
forget,62,
leading,61,
soft,61,
reasonable,61,
seeing,61,
pound,61,
grounds,61,
raise,61,
immediate,61,
communication,61,
client,61,
Paris,61,
star,61,
fourth,61,
suitable,61,
determined,61,
ought,61,
detail,61,
everybody,61,
noted,61,
equal,61,
imagine,61,
appointed,61,
manner,61,
homes,61,
classes,61,
freedom,61,
operations,60,
detailed,60,
keeping,60,
selection,60,
requirements,60,
pair,60,
draw,60,
walls,60,
talks,60,
working,60,
call,60,
danger,60,
attitude,60,
user,60,
overall,60,
offer,60,
female,60,
relationships,60,
Edinburgh,60,
note,60,
afraid,60,
pick,60,
charges,60,
democratic,59,
elections,59,
entered,59,
X / x,59,
courts,59,
growing,59,
goal,59,
straight,59,
techniques,59,
sufficient,59,
middle,59,
agency,59,
scientific,59,
eastern,59,
crisis,59,
rose,59,
correct,59,
even though,59,
removed,59,
T / t,59,
prince,59,
theatre,59,
Irish,59,
laid,59,
act,59,
sort of,59,
expensive,59,
markets,59,
sign,59,
educational,59,
capacity,59,
fig.,59,
telling,58,
happens,58,
absolutely,58,
patterns,58,
whilst,58,
managers,58,
purposes,58,
employees,58,
1984,58,
totally,58,
opportunities,58,
cause,58,
break,58,
will,58,
procedure,58,
feeling,58,
output,58,
mental,58,
frequently,58,
bridge,58,
dangerous,58,
either,58,
fingers,58,
recognition,58,
largest,58,
turning,58,
arrangements,58,
sites,58,
profits,58,
quick,58,
absence,58,
sentence,58,
beside,58,
pass,58,
fields,58,
critical,58,
pointed,58,
prove,57,
listen,57,
inc,57,
recorded,57,
cost,57,
signed,57,
hill,57,
dropped,57,
card,57,
tour,57,
understood,57,
notes,57,
track,57,
1983,57,
partly,57,
replaced,57,
increased,57,
weather,57,
principles,57,
seriously,57,
familiar,57,
related,57,
package,57,
elsewhere,57,
teaching,57,
bottom,57,
necessarily,57,
commitment,57,
player,57,
double,57,
birds,57,
properly,57,
1993,57,
Jack,57,
threat,57,
40,57,
notice,56,
unlikely,56,
admitted,56,
1981,56,
replied,56,
silence,56,
route,56,
file,56,
liked,56,
supported,56,
issued,56,
21,56,
perfect,56,
victory,56,
discuss,56,
widely,56,
occur,56,
second,56,
violence,56,
efforts,56,
element,56,
neck,56,
carrying,56,
conflict,56,
pieces,56,
Darlington,56,
under,56,
profit,56,
reaction,56,
colleagues,56,
historical,56,
standard,56,
end,55,
Friday,55,
finance,55,
hope,55,
pp.,55,
rooms,55,
projects,55,
closely,55,
Jesus,55,
fund,55,
daily,55,
below,55,
cell,55,
Liverpool,55,
Tom,55,
southern,55,
expenditure,55,
increasing,55,
discipline,55,
completed,55,
occurred,55,
individual,55,
spring,55,
audience,55,
lead,55,
thousands,55,
grow,55,
conversation,55,
tiny,55,
congress,55,
emphasis,55,
finding,55,
exist,54,
check,54,
alone,54,
consideration,54,
speaking,54,
learning,54,
defined,54,
seek,54,
1979,54,
appearance,54,
maintain,54,
option,54,
dry,54,
bright,54,
urban,54,
pictures,54,
estate,54,
debt,54,
v.,54,
youth,54,
neither,54,
affected,54,
married,54,
feature,54,
payment,54,
exhibition,54,
liberal*,54,
supposed,54,
assembly,54,
reform,54,
empty,54,
boat,54,
suffered,54,
as though,54,
bus,54,
hell,54,
remembered,54,
driver,54,
lunch,54,
flowers,54,
heat,54,
processes,54,
upper,54,
volume,54,
share,54,
captain,54,
murder,54,
North,54,
fifteen,54,
represented,54,
meetings,54,
contribution,54,
drugs,53,
die,53,
feelings,53,
I / i,53,
22,53,
outside,53,
Ian,53,
arts,53,
leg,53,
serve,53,
19,53,
dealing,53,
writing,53,
curriculum,53,
bag,53,
sought,53,
apparent,53,
branch,53,
R / r,53,
beginning,53,
noticed,53,
procedures,53,
models,53,
Martin,53,
enter,53,
revealed,53,
institute,53,
establish,53,
object,53,
occasion,53,
waste,53,
facts,53,
membership,53,
requires,53,
shook,53,
Monday,53,
claims,53,
control,53,
prepared,53,
younger,53,
faith,52,
shops,52,
challenge,52,
answer,52,
Russian,52,
moral,52,
pleasure,52,
orders,52,
Alan,52,
heads,52,
bloody,52,
careful,52,
filled,52,
Corp,52,
literature,52,
birth,52,
1980,52,
leading,52,
code,52,
centres,52,
broke,52,
prepared,52,
that,52,
professor,52,
1982,52,
aye,52,
wood,52,
gentleman,52,
flight,52,
entry,52,
pretty,52,
attractive,52,
wild,51,
investigation,51,
crown,51,
protect,51,
nodded,51,
greatest,51,
subject to,51,
functions,51,
encourage,51,
belief,51,
care,51,
developments,51,
description,51,
tradition,51,
Japanese,51,
thin,51,
adopted,51,
vital,51,
document,51,
conclusion,51,
hoped,51,
Italy,51,
enjoyed,51,
engineering,51,
coal,51,
transfer,51,
address,51,
breath,51,
along with,51,
Ltd,51,
alternative,51,
total,51,
schemes,51,
31,51,
copy,51,
desire,51,
search,51,
effectively,51,
organisations,51,
demands,51,
pushed,50,
visit,50,
V / v,50,
etc,50,
planning,50,
farmers,50,
ancient,50,
released,50,
opening,50,
lips,50,
iii,50,
treaty,50,
newspaper,50,
aim,50,
drug,50,
identify,50,
engine,50,
Manchester,50,
USA,50,
tests,50,
owner,50,
sky,50,
Tony,50,
wearing,50,
depends,50,
28,50,
elderly,50,
ministry,50,
Australia,50,
busy,50,
inside,50,
anybody,50,
reading,49,
external,49,
capable,49,
marketing,49,
streets,49,
partner,49,
respect,49,
shot,49,
institution,49,
generation,49,
acid,49,
realised,49,
chosen,49,
wider,49,
his*,49,
narrow,49,
horses,49,
broad,49,
ordered,49,
wonderful,49,
and so on,49,
key,49,
contained,49,
laughed,49,
bringing,49,
clients,49,
e.g.,49,
typical,49,
drink,49,
Stephen,49,
employed,49,
atmosphere,49,
slow,48,
wondered,48,
clean,48,
actions,48,
entire,48,
troops,48,
Leeds,48,
vote,48,
definition,48,
welfare,48,
reduction,48,
row,48,
walking,48,
laws,48,
visitors,48,
release,48,
meanwhile,48,
confirmed,48,
examination,48,
doors,48,
leadership,48,
attitudes,48,
East,48,
enable,48,
beneath,48,
journey,48,
milk,48,
stated,48,
hence,48,
IBM,48,
23,48,
machines,48,
affect,48,
grey,48,
screen,48,
criticism,48,
surprise,48,
reading,48,
nineteen,48,
stories,48,
billion,48,
constant,47,
teeth,47,
brain,47,
explanation,47,
brief,47,
signs,47,
married,47,
highest,47,
cover,47,
starting,47,
knowing,47,
claim,47,
creation,47,
castle,47,
governments,47,
goals,47,
intention,47,
India,47,
vast,47,
flat,47,
guide,47,
drive,47,
surprised,47,
Christ,47,
easier,47,
ideal,47,
shut,47,
readers,47,
run,47,
Bill,47,
magazine,47,
bound,47,
terrible,47,
thoughts,47,
kinds,47,
academic,47,
worry,47,
minor,47,
seats,47,
customer,47,
significance,47,
measure,47,
pleased,47,
unfortunately,47,
o'clock,47,
revolution,47,
attempts,47,
noise,47,
charged,46,
rare,46,
biggest,46,
rather than,46,
somewhat,46,
in relation to,46,
M / m,46,
sections,46,
stared,46,
seeking,46,
paying,46,
meeting,46,
encouraged,46,
thick,46,
Jones,46,
loved,46,
metal,46,
grand,46,
plenty,46,
note,46,
phase,46,
coast,46,
injury,46,
China,46,
granted,46,
motion,46,
observed,46,
technique,46,
ill,46,
drew,46,
potential,46,
factory,46,
lying,46,
severe,46,
mine,46,
lights,46,
wonder,46,
Harry,46,
spread,46,
contains,46,
strongly,46,
offers,46,
afterwards,46,
committed,46,
tape,46,
shoulder,46,
bear,46,
corporate,46,
obtain,46,
i.e.,46,
kill,46,
that is,46,
worst,46,
learned,46,
settlement,46,
ooh,46,
grew,46,
represent,46,
rapidly,46,
tall,46,
hole,46,
living,46,
H / h,45,
adult,45,
iron,45,
amongst,45,
faced,45,
negative,45,
afford,45,
lots,45,
index,45,
permanent,45,
beat,45,
O / o,45,
as soon as,45,
trip,45,
contain,45,
fundamental,45,
doctors,45,
desk,45,
ourselves,45,
sport,45,
unions,45,
implications,45,
fashion,45,
content,45,
similarly,45,
elected,45,
proposed,45,
judge,45,
pool,45,
inflation,45,
brown,45,
Brian,45,
originally,45,
funny,45,
via,45,
practices,45,
somehow,45,
payments,45,
odd,45,
Andrew,45,
pension,45,
pay,45,
crucial,45,
fit,45,
inner,45,
appointment,45,
used,45,
flow,45,
launched,45,
Chris,45,
in addition,45,
independence,45,
Spain,45,
objects,45,
setting,45,
little,45,
least,45,
colours,45,
palace,45,
perfectly,44,
combination,44,
contracts,44,
criminal,44,
consequences,44,
at last,44,
pages,44,
contemporary,44,
UN,44,
talked,44,
session,44,
sharp,44,
structures,44,
planned,44,
drive,44,
Wednesday,44,
religion,44,
Kingdom,44,
falling,44,
sample,44,
virtually,44,
fast,44,
sick,44,
movements,44,
dogs,44,
Anne,44,
Yorkshire,44,
Roman,44,
accommodation,44,
nation,44,
temperature,44,
massive,44,
26,44,
societies,44,
consumer,44,
cities,44,
offices,44,
documents,44,
valley,44,
indicated,44,
breakfast,44,
stayed,44,
kids,44,
display,44,
named,44,
bedroom,44,
sports,44,
aspect,43,
unique,43,
Steve,43,
sixty,43,
author,43,
lane,43,
objectives,43,
secondary,43,
wear,43,
republic,43,
agent,43,
interpretation,43,
assistance,43,
directors,43,
badly,43,
alright*,43,
parliamentary,43,
African,43,
Joe,43,
unknown,43,
industries,43,
assets,43,
selling,43,
moreover,43,
27,43,
Northern,43,
nose,43,
Jim,43,
Russia,43,
subsequent,43,
place,43,
describe,43,
declared,43,
gallery,43,
allowing,43,
ship,43,
other than,43,
visited,43,
cross,43,
lie,43,
grown,43,
crowd,43,
recognised,43,
N / n,43,
interview,43,
broken,43,
Simon,43,
argue,43,
BBC,43,
naturally,43,
thinking,43,
general,43,
Mike,43,
meal,43,
catch,43,
representatives,43,
proceedings,43,
tears,43,
alive,43,
involving,43,
shoulders,42,
employers,42,
begun,42,
departments,42,
vision,42,
yours,42,
unix,42,
beauty,42,
guilty,42,
proposal,42,
impression,42,
square,42,
angry,42,
regulations,42,
regions,42,
vehicle,42,
Jane,42,
democracy,42,
enterprise,42,
sequence,42,
offering,42,
Graham,42,
enormous,42,
invited,42,
cancer,42,
sheet,42,
struck,42,
Glasgow,42,
rarely,42,
involve,42,
involvement,42,
improvement,42,
ninety,42,
motor,42,
shock,42,
tone,42,
significantly,42,
contact,42,
manufacturing,42,
J.,42,
close,42,
seconds,42,
~n~*,42,
dress,42,
in general,42,
assumed,42,
well,42,
communist,42,
quietly,41,
grass,41,
at first,41,
nations,41,
provisions,41,
communities,41,
roof,41,
yellow,41,
indicate,41,
distinction,41,
present,41,
statements,41,
comments,41,
allows,41,
60,41,
late,41,
pollution,41,
fruit,41,
acting,41,
involves,41,
unusual,41,
assume,41,
towns,41,
lucky,41,
fuel,41,
spot,41,
properties,41,
touch,41,
fall,41,
Major,41,
bottle,41,
except,41,
anywhere,41,
net,41,
buying,41,
long-term,41,
soil,41,
sum,41,
stages,41,
decline,41,
missed,41,
reader,41,
extensive,41,
manage,41,
calling,41,
talk,41,
heavily,41,
containing,41,
plate,41,
advertising,41,
revenue,41,
remaining,41,
glad,41,
diet,41,
agricultural,41,
artist,41,
plastic,41,
G / g,40,
artists,40,
gently,40,
Bob,40,
alright*,40,
location,40,
ring,40,
ice,40,
operate,40,
a lot,40,
lies,40,
candidates,40,
Italian,40,
pull,40,
passage,40,
principal,40,
cope,40,
linked,40,
29,40,
tired,40,
periods,40,
firmly,40,
occasionally,40,
identity,40,
persons,40,
limited,40,
warned,40,
efficient,40,
runs,40,
hundreds,40,
maintenance,40,
divided,40,
unlike,40,
establishment,40,
channel,40,
producing,40,
fight,40,
happening,40,
song,40,
map,40,
expert,40,
formation,40,
comfortable,40,
Co / CO,40,
border,40,
constitution,40,
weapons,40,
emergency,40,
Chinese,40,
waited,40,
continues,40,
arranged,40,
less than*,40,
link,40,
Wilson,40,
spokesman,40,
extended,40,
rail,40,
Philip,40,
candidate,40,
believes,40,
funding,39,
promised,39,
positions,39,
mostly,39,
household,39,
remove,39,
performed,39,
cat,39,
sleep,39,
abroad,39,
teams,39,
mountain,39,
program,39,
countryside,39,
stars,39,
victim,39,
studied,39,
relative,39,
criteria,39,
conventional,39,
parish,39,
framework,39,
willing,39,
strike,39,
cheap,39,
ref,39,
sudden,39,
approval,39,
concentration,39,
partners,39,
autumn,39,
maintained,39,
warning,39,
cards,39,
roads,39,
approved,39,
lake,39,
starts,39,
determine,39,
liability,39,
editor,39,
realise,39,
thinks,39,
helping,39,
longer,39,
proposed,39,
voluntary,39,
settled,39,
grant,39,
characters,39,
valuable,39,
situations,39,
deputy,39,
walk,39,
regularly,39,
occasions,39,
trading,39,
rejected,39,
agriculture,39,
premises,39,
dramatic,39,
fill,39,
theme,39,
silver,39,
golden,39,
duties,39,
friendly,39,
arguments,38,
F / f,38,
accused,38,
driving,38,
losses,38,
error,38,
reflected,38,
dream,38,
shortly,38,
wealth,38,
working,38,
temporary,38,
federal,38,
stress,38,
painting,38,
request,38,
initially,38,
reflect,38,
lifted,38,
eighty,38,
hello,38,
pub,38,
recovery,38,
loan,38,
electricity,38,
1980s,38,
chest,38,
Margaret,38,
refer,38,
taught,38,
silent,38,
Brown,38,
beach,38,
Indian,38,
eleven,38,
answered,38,
learning,38,
recession,38,
focus,38,
facing,38,
video-taped,38,
height,38,
clubs,38,
item,38,
characteristics,38,
emerged,38,
options,38,
matter,38,
hurt,38,
forgotten,38,
worried,38,
bread,38,
admit,38,
chief,38,
specifically,38,
owners,38,
Lewis,37,
statutory,37,
mirror,37,
agents,37,
writer,37,
deeply,37,
Welsh,37,
foundation,37,
struggle,37,
1978,37,
parent,37,
dependent,37,
mistake,37,
reputation,37,
Frank,37,
eggs,37,
decade,37,
steel,37,
gain,37,
leads,37,
publication,37,
resistance,37,
offence,37,
incident,37,
once again,37,
Thursday,37,
prefer,37,
stations,37,
denied,37,
examine,37,
no doubt,37,
lifespan,37,
wages,37,
tasks,37,
gained,37,
acquired,37,
outcome,37,
claims,37,
travel,37,
competitive,37,
marked,37,
panel,37,
resolution,37,
wished,37,
dear,37,
efficiency,37,
demanded,37,
flat,37,
yards,37,
subsequently,37,
gradually,37,
businesses,37,
chancellor,37,
chain,37,
specialist,37,
1977,37,
dressed,37,
tells,37,
negotiations,37,
relating,37,
supporters,37,
armed,37,
radical,37,
sleep,37,
representation,37,
agencies,37,
theories,37,
outside,37,
shoes,37,
threatened,37,
spending,37,
keen,37,
drove,37,
gardens,37,
acceptable,36,
notion,36,
initiative,36,
stairs,36,
Cambridge,36,
advance,36,
leaves,36,
recognise,36,
worker,36,
essentially,36,
empire,36,
shared,36,
sensitive,36,
uses,36,
clause,36,
false,36,
attached,36,
at once,36,
Taylor,36,
ai~*,36,
living,36,
fallen,36,
Belfast,36,
fighting,36,
dear,36,
controlled,36,
sugar,36,
Elizabeth,36,
block,36,
global,36,
delivery,36,
changing,36,
Lee,36,
computers,36,
ages,36,
meat,36,
mass,36,
emotional,36,
~ta*,36,
brothers,36,
bird,36,
expansion,36,
islands,36,
healthy,36,
Middlesbrough,36,
aside,36,
attend,36,
secret,36,
store,36,
1976,36,
break,36,
writers,36,
self,36,
rising,36,
travel,36,
bigger,36,
alternative,36,
rapid,36,
instructions,36,
wet,36,
god,36,
adequate,36,
weak,36,
licence,36,
fixed,36,
soldiers,36,
examined,36,
aimed,36,
owned,36,
average,36,
awareness,36,
centuries,36,
images,36,
in favour of,36,
drama,36,
notice,36,
Tuesday,36,
handed,36,
furniture,35,
gate,35,
scientists,35,
administrative,35,
sees,35,
pocket,35,
wooden,35,
uncle,35,
remarkable,35,
co-operation,35,
creating,35,
Adam,35,
Luke,35,
newspapers,35,
currency,35,
comprehensive,35,
intelligence,35,
charity,35,
fifth,35,
links,35,
hoping,35,
respond,35,
surprising,35,
extension,35,
solid,35,
survive,35,
growing,35,
apart,35,
restaurant,35,
churches,35,
precisely,35,
pale,35,
skill,35,
close,35,
connection,35,
mass,35,
dealt,35,
brilliant,35,
maximum,35,
losing,35,
depend,35,
200,35,
experienced,35,
across,35,
introduce,35,
philosophy,35,
convention,35,
gun,35,
films,35,
sons,35,
eh,35,
communications,35,
regime,35,
miss,35,
attended,35,
suffer,35,
copies,35,
councils,35,
round,35,
partnership,35,
inquiry,35,
Sarah,35,
residents,35,
absolute,35,
firm,35,
French,35,
corporation,35,
arrested,35,
reports,35,
minority,34,
arrival,34,
in addition to,34,
listening,34,
taste,34,
sad,34,
gap,34,
plane,34,
scope,34,
experiences,34,
coat,34,
command,34,
consequence,34,
left,34,
fun,34,
Birmingham,34,
tory,34,
golf,34,
electronic,34,
behind,34,
visual,34,
retirement,34,
replace,34,
rise,34,
darkness,34,
fault,34,
directed,34,
complete,34,
1970s,34,
enemy,34,
comment,34,
electric,34,
priority,34,
metres,34,
database,34,
Tim,34,
pure,34,
Spanish,34,
Nigel,34,
rough,34,
core,34,
circle,34,
result,34,
literary,34,
bay,34,
championship,34,
guests,34,
1975,34,
insisted,34,
mere,34,
bits,34,
successfully,34,
limit,34,
imposed,34,
continuing,34,
Rome,34,
sounds,34,
abuse,34,
categories,34,
languages,34,
tower,34,
Thatcher,34,
anger,33,
accompanied,33,
category,33,
collected,33,
present,33,
need*,33,
comparison,33,
supreme,33,
supplied,33,
chemical,33,
fans,33,
greatly,33,
sweet,33,
no.,33,
wedding,33,
teaching,33,
represents,33,
duke,33,
mark,33,
personnel,33,
genuine,33,
adults,33,
mail,33,
politicians,33,
occurs,33,
exciting,33,
written,33,
returning,33,
promotion,33,
longer,33,
preparation,33,
defendant,33,
presumably,33,
DNA,33,
derived,33,
Washington,33,
paintings,33,
fitted,33,
beer,33,
mothers,33,
affair,33,
stupid,33,
cricket,33,
advanced,33,
tank,33,
arise,33,
photographs,33,
point,33,
disappeared,33,
expectations,33,
findings,33,
illness,33,
citizens,33,
mood,33,
faces,33,
tension,33,
Commons,33,
ladies,33,
briefly,33,
stones,33,
mixture,33,
classical,33,
arrangement,33,
extreme,33,
Williams,33,
nineteenth,33,
discover,33,
favourite,33,
shot,33,
causing,33,
yard,33,
begins,33,
socialist,33,
judgment,33,
landscape,33,
fail,33,
feels,33,
consumption,33,
mill,33,
1974,33,
informed,33,
birthday,32,
widespread,32,
consent,32,
confident,32,
acts,32,
Gloucester,32,
v,32,
sake,32,
estimated,32,
requirement,32,
catholic,32,
experts,32,
Israel,32,
numerous,32,
throat,32,
permission,32,
ignored,32,
guidance,32,
moments,32,
brings,32,
costs,32,
module,32,
opposite,32,
respectively,32,
altogether,32,
input,32,
presentation,32,
everywhere,32,
distinct,32,
statistics,32,
repeated,32,
tough,32,
earnings,32,
saved,32,
finger,32,
branches,32,
fishing,32,
components,32,
truly,32,
drink,32,
turns,32,
luck,32,
boss,32,
exists,32,
champion,32,
MP,32,
answers,32,
tools,32,
cycle,32,
recommended,32,
intervention,32,
mile,32,
Scott,32,
whenever,32,
AIDS,32,
promote,32,
helpful,32,
prospect,32,
definitely,32,
Johnson,32,
organised,32,
controls,32,
Ben,32,
express,32,
Iraq,32,
Oct.,32,
nurse,32,
frame,32,
perform,32,
cottage,32,
wave,32,
adding,32,
proud,32,
by,32,
winner,32,
solicitor,32,
neighbours,31,
pilot,31,
calls,31,
mad,31,
alliance,31,
given,31,
straight,31,
survival,31,
winning,31,
votes,31,
primarily,31,
attacks,31,
compensation,31,
Sam,31,
destroyed,31,
camp,31,
hat,31,
territory,31,
symptoms,31,
prior to,31,
ownership,31,
wage,31,
concluded,31,
discussions,31,
developing,31,
cream,31,
achievement,31,
drawing,31,
entrance,31,
Jan.,31,
basically,31,
poverty,31,
disabled,31,
extend,31,
fast,31,
suggestion,31,
consistent,31,
shareholders,31,
degrees,31,
mention,31,
anxious,31,
fewer,31,
delivered,31,
dark,31,
transferred,31,
employee,31,
throw,31,
assumption,31,
inevitably,31,
nervous,31,
profession,31,
awful,31,
cool,31,
hang,31,
threw,31,
vehicles,31,
stable,31,
realized,31,
suit,31,
hills,31,
prize,31,
drop,31,
constitutional,31,
L / l,31,
perspective,31,
Neil,31,
satisfied,31,
bid,31,
aunt,31,
festival,31,
constantly,31,
conscious,31,
developing,31,
connected,31,
concerning,31,
savings,31,
reasonably,31,
concentrate,31,
pace,31,
novel,31,
operating,31,
breach,31,
purchase,31,
crossed,31,
Asia,30,
chances,30,
depth,30,
calls,30,
strategic,30,
thrown,30,
bills,30,
Jean,30,
Ken,30,
reply,30,
ha,30,
Ruth,30,
treat,30,
green,30,
sheep,30,
dominant,30,
phrase,30,
push,30,
alcohol,30,
eating,30,
now that,30,
conducted,30,
employer,30,
ears,30,
contents,30,
touched,30,
prepare,30,
sounded,30,
Moscow,30,
theoretical,30,
setting,30,
soul,30,
wore,30,
study,30,
1960s,30,
outstanding,30,
benefit,30,
vary,30,
jacket,30,
next to,30,
except,30,
holy,30,
processing,30,
sand,30,
clinical,30,
prisoners,30,
dispute,30,
shadow,30,
minimum,30,
organizations,30,
plaintiff,30,
snow,30,
cried,30,
fit,30,
driven,30,
Joseph,30,
port,30,
recognized,30,
servants,30,
limits,30,
pink,30,
Sept.,30,
et al,30,
sound,30,
hearing,30,
measured,30,
dance,30,
eighteen,30,
sorts,30,
Patrick,30,
trained,30,
stomach,30,
slight,30,
fought,30,
points,30,
storage,30,
breaking,30,
impressive,30,
honest,30,
provided,30,
dismissed,30,
glanced,30,
related,30,
cast,30,
crew,30,
defeat,30,
hold,30,
gift,30,
enthusiasm,30,
princess,29,
press,29,
spending,29,
advantages,29,
reaching,29,
articles,29,
resulted,29,
files,29,
hung,29,
cuts,29,
residential,29,
extraordinary,29,
visible,29,
shouted,29,
reducing,29,
experiments,29,
tables,29,
finish,29,
tendency,29,
conduct,29,
objective,29,
report,29,
Y / y,29,
ring,29,
hospitals,29,
mechanism,29,
seventy,29,
exception,29,
poetry,29,
inspector,29,
1973,29,
covering,29,
stepped,29,
accurate,29,
percent,29,
victims,29,
approached,29,
Nov.,29,
distant,29,
as long as,29,
alongside,29,
airport,29,
furthermore,29,
considerably,29,
pressed,29,
missing,29,
origin,29,
salt,29,
at present,29,
personality,29,
fight,29,
Canada,29,
arrive,29,
fly,29,
Greek,29,
receiving,29,
still,29,
rocks,29,
fees,29,
fee,29,
complicated,29,
ends,29,
musical,29,
in respect of,29,
stands,29,
moon,29,
chamber,29,
puts,29,
turnover,29,
attacked,29,
ultimately,29,
routine,29,
observation,29,
precise,29,
plain,29,
gentle,29,
watch,29,
staring,29,
since,29,
leisure,29,
economics,29,
device,29,
whether or not,29,
broken,29,
mortgage,29,
live,29,
leaves,29,
confusion,29,
cut,29,
finds,29,
instruments,29,
secondly,29,
Bush,29,
certificate,29,
ear,29,
remote,29,
satisfaction,29,
responsibilities,29,
ratio,29,
coach,29,
fears,29,
sentences,29,
holder,29,
shopping,29,
possession,29,
selected,29,
Bristol,29,
sets,29,
smoke,29,
rugby,29,
songs,29,
clock,29,
summary,28,
implementation,28,
protein,28,
housing,28,
escape,28,
wing,28,
fixed,28,
helps,28,
poll,28,
Arthur,28,
scored,28,
chose,28,
column,28,
holidays,28,
contributions,28,
architecture,28,
Dec.,28,
Nick,28,
approximately,28,
disaster,28,
minds,28,
Keith,28,
marks,28,
trust,28,
neither,28,
monetary,28,
mountains,28,
White,28,
discovery,28,
collect,28,
spoken,28,
steam,28,
smooth,28,
silly,28,
childhood,28,
teach,28,
Kong,28,
unity,28,
staying,28,
climate,28,
percentage,28,
villages,28,
attracted,28,
Americans,28,
designs,28,
secure,28,
cutting,28,
iv,28,
Hong,28,
last,28,
taxes,28,
in spite of,28,
tennis,28,
peak,28,
relation,28,
readily,28,
evaluation,28,
frequency,28,
Andy,28,
shirt,28,
cake,28,
nights,28,
bishop,28,
test,28,
pretty,28,
Charlie,28,
deliberately,28,
round,28,
determination,28,
applies,28,
automatically,28,
standing,28,
rent,28,
psychological,28,
violent,28,
medicine,28,
boards,28,
protest,28,
Anna,28,
unemployed,28,
final,28,
being,28,
Rose,28,
reforms,28,
inevitable,28,
junior,28,
signal,28,
building,28,
till,28,
A.,28,
welcome,28,
fat,28,
roles,28,
headquarters,28,
one another,28,
sensible,28,
visits,28,
manufacturers,28,
restrictions,27,
samples,27,
Pacific,27,
improved,27,
Berlin,27,
grateful,27,
strategies,27,
score,27,
tended,27,
expense,27,
loans,27,
addressed,27,
mode,27,
structural,27,
dozen,27,
pride,27,
on behalf of,27,
newly,27,
founded,27,
variation,27,
aged,27,
rely,27,
investors,27,
infection,27,
dominated,27,
combined,27,
survived,27,
Helen,27,
string,27,
Lucy,27,
experiment,27,
fourteen,27,
undertaken,27,
committees,27,
buyer,27,
agreements,27,
participation,27,
welcome,27,
match,27,
complaints,27,
ships,27,
critics,27,
guitar,27,
camera,27,
laboratory,27,
waves,27,
landlord,27,
rang,27,
hate,27,
demonstrated,27,
bomb,27,
engaged,27,
knife,27,
so-called,27,
modules,27,
pleasant,27,
headed,27,
surgery,27,
universities,27,
millions,27,
concepts,27,
proof,27,
marry,27,
Maggie,27,
operating,27,
pressures,27,
lives,27,
sixteen,27,
repeat,27,
host,27,
Dave,27,
pitch,27,
attempted,27,
assess,27,
penalty,27,
tail,27,
boxes,27,
holes,27,
deep,27,
contribute,27,
passing,27,
reveal,27,
cleared,27,
thereby,27,
Feb.,27,
acceptance,27,
1972,27,
anxiety,27,
above,27,
Newcastle,27,
formula,27,
personally,27,
Howard,27,
mission,27,
deaf,27,
relatives,27,
imagination,27,
apple,27,
70,26,
dirty,26,
rid,26,
abandoned,26,
appreciate,26,
continuous,26,
describes,26,
suffering,26,
circuit,26,
m.,26,
stronger,26,
responses,26,
excitement,26,
approaches,26,
supply,26,
plan,26,
Zealand,26,
tested,26,
disk,26,
holds,26,
replacement,26,
instrument,26,
universe,26,
memories,26,
overseas,26,
expertise,26,
causes,26,
solicitors,26,
comfort,26,
sergeant,26,
trend,26,
treasury,26,
entitled,26,
sounds,26,
acquisition,26,
opening,26,
tickets,26,
bath,26,
delighted,26,
sending,26,
increasing,26,
confirm,26,
loose,26,
state,26,
ahead of,26,
targets,26,
wan~ [= want],26,
occasional,26,
paragraph,26,
writes,26,
evident,26,
Kent,26,
desperate,26,
handle,26,
fellow,26,
blind,26,
occupied,26,
overcome,26,
dust,26,
burden,26,
psychology,26,
relate,26,
drivers,26,
surprisingly,26,
80,26,
1970,26,
Matthew,26,
cheese,26,
consciousness,26,
considering,26,
universal,26,
Gordon,26,
aha,26,
square,26,
succeeded,26,
knees,26,
1971,26,
boots,26,
smell,26,
closer,26,
mummy,26,
slipped,26,
0,26,
component,26,
regulation,26,
Roger,26,
attempt,26,
locked,26,
keeps,26,
wheel,26,
on top of,26,
classic,26,
MPs,26,
cattle,26,
consists,26,
touch,26,
illustrated,26,
platform,26,
shift,26,
draft,26,
purely,26,
load,26,
influenced,26,
passengers,26,
recommendations,26,
preparing,26,
solutions,26,
Alexander,26,
injuries,26,
tenant,26,
commonly,26,
Victoria,26,
leather,26,
gathered,26,
zone,26,
sufficiently,26,
Aug.,26,
like,25,
Laura,25,
as for,25,
squad,25,
recall,25,
steady,25,
retain,25,
checked,25,
existed,25,
attract,25,
conservation,25,
flesh,25,
pack,25,
publicity,25,
rose,25,
mean,25,
variations,25,
split,25,
sixth,25,
edition,25,
concerns,25,
tied,25,
summit,25,
engineers,25,
Terry,25,
listed,25,
judges,25,
researchers,25,
equivalent,25,
assist,25,
upstairs,25,
hers,25,
Francis,25,
located,25,
nurses,25,
fear,25,
mark,25,
suggesting,25,
whispered,25,
serving,25,
intellectual,25,
influence,25,
stream,25,
generated,25,
consequently,25,
San,25,
authors,25,
wondering,25,
judgement,25,
K / k,25,
experience,25,
Victorian,25,
egg,25,
supplies,25,
level,25,
produces,25,
councillor,25,
roots,25,
taxation,25,
bathroom,25,
ultimate,25,
awarded,25,
35,25,
stick,25,
glasses,25,
raising,25,
qualities,25,
layer,25,
lost,25,
creative,25,
medieval,25,
risks,25,
assumptions,25,
displayed,25,
dreams,25,
Germans,25,
accounting,25,
curve,25,
drawing,25,
backed,25,
adopt,25,
colleges,25,
guard,25,
evolution,25,
sign,25,
aims,25,
sharply,25,
constructed,25,
advised,25,
softly,25,
settle,25,
decades,25,
completion,25,
linguistic,25,
ignore,25,
convinced,25,
Colin,25,
judicial,25,
photograph,25,
sophisticated,25,
Alice,25,
asleep,25,
paused,25,
amounts,25,
poem,25,
recording,25,
carbon,25,
Durham,25,
possibilities,25,
good*,25,
explains,25,
equation,25,
NHS,25,
vulnerable,25,
raw,25,
net,25,
deaths,25,
babies,25,
illegal,24,
outer,24,
topic,24,
medium,24,
till,24,
promise,24,
tends,24,
hopes,24,
angle,24,
interviews,24,
ban,24,
feed,24,
potentially,24,
machinery,24,
even when,24,
tongue,24,
etc.,24,
coalition,24,
travelling,24,
define,24,
consultation,24,
reception,24,
pulling,24,
Nicholas,24,
integration,24,
revolutionary,24,
quoted,24,
compare,24,
surrounded,24,
bitter,24,
attempting,24,
guess,24,
improvements,24,
climbed,24,
cathedral,24,
heaven,24,
wanting,24,
painted,24,
Australian,24,
changing,24,
grammar,24,
jumped,24,
Ulster,24,
Gulf,24,
native,24,
imperial,24,
persuade,24,
voices,24,
conclusions,24,
laughing,24,
lift,24,
1968,24,
Gary,24,
boundaries,24,
favour,24,
guy,24,
studying,24,
Jimmy,24,
beliefs,24,
undoubtedly,24,
wings,24,
retained,24,
joy,24,
bone,24,
informal,24,
demonstrate,24,
Douglas,24,
regard,24,
clear,24,
calculated,24,
flexible,24,
meals,24,
announcement,24,
lawyers,24,
ruled,24,
account,24,
sheets,24,
tunnel,24,
exercise,24,
bars,24,
VAT/vat,24,
carpet,24,
quantity,24,
catalogue,24,
reminded,24,
shrugged,24,
notably,24,
Anthony,24,
schedule,24,
petrol,24,
investigate,24,
hotels,24,
buried,24,
once more,24,
journal,24,
nowhere,24,
considerations,24,
concentrated,24,
collective,24,
destruction,24,
frequent,24,
versions,24,
offences,24,
agenda,24,
clever,24,
experimental,24,
300,24,
plays,24,
Kate,24,
listened,24,
La,24,
texts,23,
plates,23,
500,23,
deficit,23,
transition,23,
Norman,23,
spiritual,23,
intense,23,
indication,23,
flew,23,
pushing,23,
rational,23,
hanging,23,
entitled,23,
90,23,
excluded,23,
knocked,23,
professionals,23,
tight,23,
composition,23,
indicates,23,
conservatives,23,
Kevin,23,
interaction,23,
ceiling,23,
guidelines,23,
cold,23,
roughly,23,
Governor,23,
qualifications,23,
q.v.,23,
ethnic,23,
me*,23,
argues,23,
Dublin,23,
inches,23,
opera,23,
pupil,23,
cheaper,23,
generous,23,
prominent,23,
inadequate,23,
accordingly,23,
welcomed,23,
instruction,23,
logical,23,
passion,23,
drawings,23,
exposure,23,
departure,23,
blame,23,
racing,23,
mixed,23,
historic,23,
guest,23,
Mrs.,23,
pipe,23,
modest,23,
Dutch,23,
lessons,23,
hero,23,
Lloyd,23,
sectors,23,
Diana,23,
barely,23,
logic,23,
Essex,23,
acute,23,
harm,23,
representing,23,
discourse,23,
voted,23,
electrical,23,
hearing,23,
consumers,23,
cigarette,23,
jury,23,
Grant,23,
weekly,23,
acted,23,
delay,23,
valid,23,
wherever,23,
representative,23,
transaction,23,
bowl,23,
increases,23,
contributed,23,
Christopher,23,
record,23,
leaned,23,
lesson,23,
lit,23,
admission,23,
stores,23,
awards,23,
depending on,23,
automatic,23,
timber,23,
trousers,23,
vote,23,
habit,23,
Oliver,23,
arrange,23,
red,23,
matches,23,
punishment,23,
bones,23,
cross,23,
deny,23,
rubbish,23,
hide,23,
mortality,23,
complex,23,
pc,23,
earl,23,
explore,23,
urged,23,
occupation,23,
storm,23,
darling,23,
keys,23,
customs,23,
profile,23,
gross,23,
depression,23,
classroom,23,
glance,23,
mystery,22,
mutual,22,
reliable,22,
wholly,22,
entering,22,
bare,22,
liable,22,
facility,22,
stressed,22,
stuck,22,
realize,22,
engineer,22,
smiling,22,
confined,22,
province,22,
registration,22,
males,22,
laughter,22,
humour,22,
resource,22,
multiple,22,
Albert,22,
ruling,22,
silk,22,
waters,22,
Rachel,22,
Arab,22,
paint,22,
cotton,22,
Atlantic,22,
identification,22,
claiming,22,
sole,22,
coverage,22,
arising,22,
Owen,22,
honour,22,
poet,22,
prospects,22,
travelled,22,
divisions,22,
posts,22,
avoided,22,
Jewish,22,
in case,22,
45,22,
charter,22,
managing,22,
pregnant,22,
obligation,22,
win,22,
adds,22,
formally,22,
flying,22,
Latin,22,
nearby,22,
Egypt,22,
exact,22,
directions,22,
curious,22,
bother,22,
participants,22,
lawyer,22,
resignation,22,
bearing,22,
sets,22,
pointing,22,
tool,22,
damages,22,
speakers,22,
fate,22,
daddy,22,
devices,22,
phenomenon,22,
by now,22,
strain,22,
substance,22,
bags,22,
wire,22,
Wood,22,
underlying,22,
responded,22,
enjoying,22,
visitor,22,
C.,22,
joining,22,
uncertainty,22,
but,22,
drop,22,
submitted,22,
flower,22,
Ford,22,
California,22,
perception,22,
identical,22,
farming,22,
letting,22,
audit,22,
satisfactory,22,
Billy,22,
ticket,22,
lists,22,
preference,22,
Great,22,
thirteen,22,
Van,22,
secret,22,
pop,22,
album,22,
federation,22,
learnt,22,
deliver,22,
Westminster,22,
chemicals,22,
farmer,22,
variables,22,
male,22,
assault,22,
marginal,22,
leave,22,
namely,22,
J,22,
fed,22,
distinctive,22,
kingdom,22,
assessed,22,
refuse,22,
electoral,22,
urgent,22,
allowance,22,
observations,22,
libraries,22,
Lawrence,22,
reflects,22,
force,22,
sympathy,22,
running,22,
falls,22,
publishing,22,
recovered,22,
stability,21,
canal,21,
funeral,21,
singing,21,
titles,21,
beds,21,
sessions,21,
restricted,21,
Sheffield,21,
Nottingham,21,
expecting,21,
clothing,21,
drinks,21,
disposal,21,
failing,21,
joke,21,
focus,21,
succeed,21,
Maria,21,
typically,21,
official,21,
conversion,21,
presidential,21,
generations,21,
mayor,21,
sharing,21,
Clare,21,
worth,21,
transactions,21,
era,21,
policeman,21,
Fred,21,
gaze,21,
controversial,21,
count,21,
proceed,21,
Young,21,
folk,21,
fabric,21,
oral,21,
horror,21,
Kelly,21,
everyday,21,
emperor,21,
viewed,21,
sing,21,
belt,21,
fortune,21,
demand,21,
doubt,21,
crash,21,
encouraging,21,
interpreted,21,
Louis,21,
organic,21,
maintaining,21,
removal,21,
female,21,
routes,21,
continued,21,
trials,21,
enables,21,
print,21,
priest,21,
laugh,21,
bent,21,
expected,21,
connections,21,
magistrates,21,
errors,21,
statistical,21,
resolved,21,
desirable,21,
recognize,21,
Stuart,21,
thoroughly,21,
injured,21,
van,21,
blocks,21,
prosecution,21,
register,21,
trends,21,
preferred,21,
reckon,21,
innocent,21,
ideology,21,
belong,21,
improved,21,
past,21,
corridor,21,
exclusive,21,
tale,21,
pairs,21,
prayer,21,
collapse,21,
lease,21,
talent,21,
gains,21,
separated,21,
marked,21,
experienced,21,
persuaded,21,
sighed,21,
butter,21,
suggestions,21,
Russell,21,
unexpected,21,
foods,21,
picking,21,
banking,21,
sciences,21,
superb,21,
contacts,21,
operated,21,
alarm,21,
go,21,
Poland,21,
U / u,21,
gene,21,
daughters,21,
sheer,21,
guardian,21,
count,21,
cloud,21,
disappointed,21,
Bernard,21,
format,21,
scenes,21,
frightened,21,
hardware,21,
traditionally,21,
in part,21,
gastric,21,
genes,21,
effectiveness,21,
full-time,21,
intend,21,
concentrations,21,
defend,21,
strict,21,
fighting,21,
creatures,21,
closer,21,
cm,21,
Swindon,21,
capitalist,21,
Walker,21,
addition,21,
no-one*,21,
chocolate,21,
emerge,21,
Hugh,21,
hidden,21,
likes,21,
Susan,21,
Stewart,21,
reactions,21,
lands,21,
establishing,21,
swept,21,
anniversary,21,
permitted,21,
export,21,
1967,21,
justify,21,
tissue,21,
Davies,21,
bet,21,
specified,21,
romantic,21,
garage,21,
conviction,21,
declined,21,
resigned,20,
naked,20,
Clarke,20,
advise,20,
scientist,20,
root,20,
asset,20,
warmth,20,
bulk,20,
bands,20,
knee,20,
minimum,20,
humans,20,
references,20,
any,20,
associations,20,
muscles,20,
withdrawal,20,
registered,20,
distributed,20,
regarding,20,
exposed,20,
declaration,20,
graphics,20,
reluctant,20,
actor,20,
switched,20,
sisters,20,
in accordance with,20,
in~*,20,
winners,20,
eighteenth,20,
chemistry,20,
rest,20,
justified,20,
stop,20,
converted,20,
boundary,20,
except for,20,
suspect,20,
magnificent,20,
stretched,20,
convenient,20,
friendship,20,
established,20,
recover,20,
destroy,20,
Jackson,20,
mess,20,
correspondent,20,
navy,20,
dollar,20,
craft,20,
reflection,20,
chicken,20,
plans,20,
tin,20,
Miller,20,
curtains,20,
gesture,20,
tourist,20,
diary,20,
protected,20,
ocean,20,
discussing,20,
practitioners,20,
bloody,20,
entertainment,20,
in response to,20,
nearest,20,
mechanisms,20,
closed,20,
expenses,20,
uncertain,20,
artificial,20,
democrats,20,
damaged,20,
composed,20,
heating,20,
diplomatic,20,
drinking,20,
discrimination,20,
rows,20,
bench,20,
councillors,20,
acquire,20,
installed,20,
du~*,20,
guns,20,
killing,20,
Microsoft,20,
blow,20,
salary,20,
Baker,20,
tip,20,
1950s,20,
physically,20,
estates,20,
tremendous,20,
marine,20,
ease,20,
institutional,20,
mechanical,20,
retail,20,
resist,20,
mixed,20,
literally,20,
chapel,20,
distinguish,20,
wildlife,20,
Rivers,20,
Iran,20,
tories,20,
doubts,20,
formerly,20,
priorities,20,
reserves,20,
publications,20,
commented,20,
gender,20,
passenger,20,
Sussex,20,
strictly,20,
boats,20,
causes,20,
pen,20,
chapters,20,
cheque,20,
required,20,
testing,20,
carriage,20,
weapon,20,
generate,20,
Clinton,20,
asks,20,
earn,20,
supporting,20,
mentally,20,
judge,20,
messages,20,
females,20,
biological,20,
applying,20,
implies,20,
known,20,
Emily,20,
rolled,20,
tube,20,
functional,20,
accidents,20,
flexibility,20,
chairs,20,
Phil,20,
bible,20,
styles,20,
cap,20,
straightforward,20,
moves,20,
wise,20,
fired,20,
organized,20,
inspection,20,
Derek,20,
mathematics,20,
32,20,
heritage,20,
superior,20,
1969,20,
specially,20,
finance,20,
cloth,20,
sociology,20,
desperately,20,
fiction,20,
equity,20,
Lord,20,
satisfy,20,
Lords,20,
shell,20,
Wright,20,
lad,20,
whereby,20,
forests,20,
suit,20,
pursue,20,
digital,20,
increases,20,
tenants,20,
refers,20,
voters,20,
piano,20,
productivity,20,
part-time,20,
lightly,20,
assistant,20,
Commander,20,
address,20,
situated,20,
restoration,20,
outlined,20,
imports,19,
R.,19,
comment,19,
stolen,19,
and/or,19,
Harris,19,
clerk,19,
cinema,19,
Ann,19,
covers,19,
de*,19,
capitalism,19,
spectacular,19,
shapes,19,
controversy,19,
Marx,19,
gates,19,
escaped,19,
Robin,19,
continuing,19,
trains,19,
ensuring,19,
colonel,19,
confused,19,
grants,19,
remarks,19,
bonds,19,
wives,19,
computing,19,
constraints,19,
solve,19,
aggressive,19,
availability,19,
unfair,19,
sadly,19,
invasion,19,
champagne,19,
tracks,19,
compete,19,
closure,19,
spare,19,
painful,19,
earned,19,
venture,19,
topics,19,
wonder,19,
equivalent,19,
grade,19,
Korea,19,
pot,19,
emotions,19,
washed,19,
escape,19,
abstract,19,
Eric,19,
murmured,19,
stake,19,
lift,19,
states,19,
breeding,19,
securities,19,
asian,19,
mud,19,
Joan,19,
S.,19,
estimates,19,
cheek,19,
stored,19,
correctly,19,
refugees,19,
Moore,19,
obligations,19,
spirits,19,
unhappy,19,
Ross,19,
networks,19,
beaten,19,
snapped,19,
initiatives,19,
understanding,19,
alter,19,
shame,19,
pensions,19,
oxygen,19,
therapy,19,
associated,19,
courage,19,
discretion,19,
dates,19,
deposits,19,
hopefully,19,
exports,19,
legislative,19,
Eliot,19,
ward,19,
invitation,19,
monthly,19,
deciding,19,
describing,19,
assuming,19,
opposed,19,
Alex,19,
searching,19,
intelligent,19,
impose,19,
explicit,19,
abbey,19,
jurisdiction,19,
designer,19,
tie,19,
fellow,19,
quantities,19,
fleet,19,
Barry,19,
seller,19,
RAF,19,
borough,19,
rape,19,
stand,19,
flats,19,
virtue,19,
constituency,19,
complained,19,
coloured,19,
midnight,19,
taxi,19,
engines,19,
railways,19,
display,19,
just,19,
ridiculous,19,
Caroline,19,
debts,19,
comparable,19,
amazing,19,
C,19,
acknowledged,19,
appeal,19,
wars,19,
successive,19,
refusal,19,
incorporated,19,
creature,19,
~no*,19,
secured,19,
economies,19,
isolation,19,
Leicester,19,
succession,19,
signals,19,
working-class,19,
physics,19,
feared,19,
concert,19,
tonnes,19,
realistic,19,
hungry,19,
launch,19,
Evans,19,
resort,19,
shit,19,
m,19,
burst,19,
sort,19,
back,19,
Walter,19,
gear,19,
Shakespeare,19,
surveys,19,
volunteers,19,
stick,19,
separation,19,
1000,19,
la,19,
demonstration,19,
fails,19,
conception,19,
B.,19,
decent,19,
discount,19,
unnecessary,19,
Pope,19,
prevented,19,
flying,19,
worn,19,
dictionary,19,
twentieth,18,
fat,18,
random,18,
retired,18,
local,18,
fucking,18,
origins,18,
packed,18,
achieving,18,
heading,18,
forever,18,
influential,18,
masters,18,
channels,18,
harbour,18,
producers,18,
duration,18,
Thames,18,
cable,18,
1945,18,
desert,18,
terrace,18,
assured,18,
allocation,18,
check,18,
diseases,18,
merchant,18,
constable,18,
Bishop,18,
Vietnam,18,
Dean,18,
recalled,18,
lifetime,18,
eg,18,
chips,18,
Ray,18,
genetic,18,
complaint,18,
near,18,
visiting,18,
explaining,18,
order,18,
marvellous,18,
Malcolm,18,
Morgan,18,
restored,18,
earliest,18,
enabled,18,
150,18,
release,18,
Cardiff,18,
assurance,18,
bottles,18,
brick,18,
essence,18,
Jews,18,
autonomy,18,
giant,18,
requiring,18,
hunting,18,
consensus,18,
differ,18,
vegetables,18,
junction,18,
workshop,18,
measure,18,
purchaser,18,
secure,18,
attendance,18,
necessity,18,
bottom,18,
demanding,18,
skilled,18,
shaking,18,
subtle,18,
select,18,
attack,18,
questioned,18,
sooner,18,
producer,18,
planet,18,
elegant,18,
amendment,18,
hopes,18,
carries,18,
recommend,18,
lesser,18,
farms,18,
parallel,18,
limitations,18,
locally,18,
Marie,18,
tragedy,18,
instance,18,
cousin,18,
collections,18,
backwards,18,
grain,18,
in the light of,18,
resulting,18,
fraud,18,
OK,18,
swung,18,
landed,18,
E.,18,
quarters,18,
liberation,18,
seventeen,18,
referring,18,
interior,18,
bike,18,
suspended,18,
officially,18,
journalists,18,
nasty,18,
movie,18,
suppliers,18,
dealer,18,
shows,18,
soldier,18,
intensive,18,
over there,18,
kit,18,
witness,18,
delight,18,
symbol,18,
forum,18,
casual,18,
tropical,18,
shorter,18,
Allen,18,
crimes,18,
printed,18,
miners,18,
feeding,18,
relax,18,
pass,18,
manufacturer,18,
chip,18,
crazy,18,
forming,18,
kissed,18,
swimming,18,
happily,18,
copper,18,
arguing,18,
shots,18,
landing,18,
nursery,18,
entries,18,
preliminary,18,
besides,18,
arises,18,
partial,18,
households,18,
damp,18,
wool,18,
suicide,18,
1964,18,
servant,18,
Pakistan,18,
attending,18,
Guy,18,
plot,18,
muscle,18,
beings,18,
inch,18,
simultaneously,18,
concrete,18,
Roy,18,
roll,18,
bell,18,
neighbour,18,
reign,18,
analysed,18,
tide,18,
expand,18,
alleged,18,
guilt,18,
rank,18,
introducing,18,
transfer,18,
uses,18,
ceremony,18,
Morris,18,
separately,18,
opinions,18,
enquiry,18,
Q / q,18,
grinned,18,
lover,18,
slept,18,
in that,18,
choices,18,
assistant,18,
severely,18,
finest,18,
poured,18,
vertical,18,
Easter,18,
christianity,18,
upset,18,
hey,18,
allegations,18,
IRA,18,
justification,18,
detective,18,
programs,18,
throwing,18,
strike,18,
ate,18,
appendix,18,
Jenny,18,
districts,18,
commonwealth,18,
dealers,18,
delicate,18,
forms,18,
advisers,18,
lonely,18,
dull,18,
mouse,18,
Pat,18,
occupational,17,
pity,17,
behave,17,
complexity,17,
youngsters,17,
riding,17,
weakness,17,
excessive,17,
Clark,17,
progressive,17,
captured,17,
stance,17,
undertake,17,
exceptional,17,
faster,17,
Iraqi,17,
Hitler,17,
remind,17,
counter,17,
Greece,17,
triumph,17,
enterprises,17,
remarked,17,
continental,17,
mm,17,
striking,17,
integrated,17,
pit,17,
encountered,17,
implemented,17,
sizes,17,
directive,17,
participate,17,
safely,17,
lowest,17,
lighting,17,
villa,17,
okay,17,
downstairs,17,
portrait,17,
Gorbachev,17,
alternatively,17,
edges,17,
focused,17,
bye,17,
residence,17,
panic,17,
label,17,
aims,17,
magazines,17,
neat,17,
combined,17,
whisky,17,
transformation,17,
theft,17,
lecture,17,
incidence,17,
scores,17,
H.,17,
radiation,17,
perceived,17,
spread,17,
firstly,17,
interface,17,
doctrine,17,
shouting,17,
affecting,17,
400,17,
ours,17,
36,17,
excuse,17,
accepting,17,
risen,17,
Lancashire,17,
approach,17,
deposit,17,
65,17,
pond,17,
substantially,17,
innovation,17,
devil,17,
diagnosis,17,
from time to time,17,
gifts,17,
USSR,17,
allocated,17,
regard,17,
33,17,
remainder,17,
speculation,17,
of*,17,
approaching,17,
dialogue,17,
estimate,17,
wash,17,
supervision,17,
dying,17,
exclusively,17,
happiness,17,
politically,17,
timing,17,
chronic,17,
Geoffrey,17,
peasants,17,
tightly,17,
characteristic,17,
accuracy,17,
compulsory,17,
so as,17,
wrapped,17,
interim,17,
objective,17,
Benjamin,17,
walking,17,
infant,17,
Bruce,17,
judged,17,
splendid,17,
ride,17,
divorce,17,
magic,17,
Cleveland,17,
bond,17,
review,17,
short-term,17,
ambulance,17,
brave,17,
investigations,17,
systematic,17,
Green,17,
seized,17,
cry,17,
laugh,17,
advanced,17,
obliged,17,
opens,17,
eaten,17,
relevance,17,
1930s,17,
careers,17,
Liz,17,
withdrawn,17,
Barbara,17,
no,17,
payable,17,
handsome,17,
fun,17,
Ms,17,
instances,17,
governors,17,
horrible,17,
as opposed to,17,
measurement,17,
employ,17,
primitive,17,
steadily,17,
switch,17,
fascinating,17,
St.,17,
Brazil,17,
ideological,17,
pile,17,
mounted,17,
metropolitan,17,
alternatives,17,
dollars,17,
north-east,17,
explosion,17,
starting,17,
glory,17,
scarcely,17,
Harriet,17,
surrounding,17,
coup,17,
domain,17,
fence,17,
threatening,17,
dragged,17,
breast,17,
habits,17,
mine,17,
hierarchy,17,
grip,17,
socialism,17,
enquiries,17,
particles,17,
Sweden,17,
in charge of,17,
75,17,
choosing,17,
colleague,17,
monitoring,17,
Midlands,17,
restore,17,
printer,17,
imagined,17,
doorway,17,
prisoner,17,
juice,17,
classification,17,
estimated,17,
equilibrium,17,
solely,17,
with regard to,17,
serves,17,
peaceful,17,
observer,17,
explanations,17,
circles,17,
rescue,17,
maps,17,
hated,17,
observe,17,
Hughes,17,
premier,17,
mate,17,
hypothesis,17,
1966,17,
ride,17,
companion,17,
liver,17,
factories,17,
buyers,17,
reward,17,
controlling,17,
satellite,17,
loyalty,17,
operational,17,
pardon,17,
improving,16,
jump,16,
potatoes,16,
intervals,16,
technological,16,
near,16,
fortunately,16,
W.,16,
W / w,16,
hostile,16,
advisory,16,
cook,16,
precious,16,
opponents,16,
peasant,16,
insist,16,
d' [=do],16,
geography,16,
button,16,
consistently,16,
cultures,16,
seeds,16,
monopoly,16,
accessible,16,
tournament,16,
moves,16,
excited,16,
determined,16,
owed,16,
fig*,16,
pockets,16,
belonged,16,
Hollywood,16,
dining,16,
switch,16,
traditions,16,
compromise,16,
intensity,16,
chaos,16,
obtaining,16,
Mexico,16,
King,16,
combine,16,
altered,16,
nonsense,16,
clouds,16,
themes,16,
gay,16,
suspicion,16,
ranks,16,
disorder,16,
stocks,16,
Kuwait,16,
1965,16,
2000,16,
consultant,16,
collapsed,16,
purchased,16,
impressed,16,
half,16,
Catherine,16,
provincial,16,
by no means,16,
sterling,16,
performances,16,
instantly,16,
Bell,16,
constitute,16,
arrest,16,
dose,16,
exercises,16,
issue,16,
competitors,16,
spectrum,16,
dangers,16,
allies,16,
travellers,16,
plc,16,
kid,16,
disc,16,
Donald,16,
nowadays,16,
Surrey,16,
cheeks,16,
endless,16,
isolated,16,
dimension,16,
twin,16,
bedrooms,16,
clean,16,
columns,16,
privilege,16,
post-war,16,
volumes,16,
broadcasting,16,
commerce,16,
historians,16,
train,16,
geographical,16,
oak,16,
actors,16,
step,16,
like,16,
dynamic,16,
freely,16,
checking,16,
equipped,16,
inspired,16,
density,16,
1994,16,
forthcoming,16,
HIV,16,
boring,16,
handled,16,
poems,16,
&times,Prep,16
recording,16,
unfortunate,16,
banned,16,
Karen,16,
own,16,
suspected,16,
boom,16,
tribunal,16,
kicked,16,
possessed,16,
Jonathan,16,
broadly,16,
publicly,16,
attributed,16,
definite,16,
challenged,16,
drunk,16,
extending,16,
cooking,16,
pause,16,
strip,16,
predicted,16,
super,16,
barrier,16,
pregnancy,16,
loud,16,
menu,16,
preserved,16,
Avenue,16,
restaurants,16,
acres,16,
christians,16,
prompted,16,
senses,16,
essay,16,
lip,16,
recruitment,16,
defendants,16,
presents,16,
guarantee,16,
invest,16,
cats,16,
maximum,16,
notable,16,
upwards,16,
arose,16,
cry,16,
fierce,16,
detected,16,
indirect,16,
German,16,
witnesses,16,
patch,16,
sensitivity,16,
Le,16,
mistakes,16,
receiver,16,
crops,16,
chin,16,
wheels,16,
rice,16,
Dec,16,
by means of,16,
forgot,16,
illustrate,16,
reveals,16,
Freud,16,
limit,16,
chap,16,
Campbell,16,
races,16,
awkward,16,
Turkey,16,
implied,16,
climb,16,
widow,16,
varied,16,
slid,16,
stopping,16,
rope,16,
steep,16,
neutral,16,
Oxfordshire,16,
finish,16,
debut,16,
seed,16,
challenge,16,
promoted,16,
delegation,16,
hitherto,16,
artistic,16,
muttered,16,
adoption,16,
in connection with,16,
architect,16,
dear,16,
Kenneth,16,
portfolio,16,
continent,16,
transformed,16,
couples,16,
probability,16,
content,16,
Robinson,16,
struggling,16,
mild,16,
counties,16,
wish,16,
mention,16,
fitness,16,
tackle,16,
dish,16,
statute,16,
'em,16,
invariably,16,
Charlotte,16,
prey,16,
view,16,
consultants,16,
gather,16,
arriving,16,
corners,16,
delegates,16,
Holland,16,
archbishop,16,
Sue,16,
withdraw,16,
replacing,15,
Milton,15,
meaning,15,
mature,15,
differently,15,
chart,15,
technologies,15,
woods,15,
possess,15,
cab,15,
grace,15,
toilet,15,
grabbed,15,
prevention,15,
equality,15,
wishes,15,
bases,15,
operator,15,
regardless,15,
harsh,15,
colonial,15,
ambitious,15,
exploration,15,
lords,15,
on the part of,15,
investigated,15,
collecting,15,
Switzerland,15,
shadows,15,
Corbett,15,
evil,15,
Johnny,15,
dramatically,15,
Marshall,15,
indicating,15,
orchestra,15,
lock,15,
inhabitants,15,
defeated,15,
disappointment,15,
magnetic,15,
washing,15,
fibre,15,
correspondence,15,
verbal,15,
legitimate,15,
requested,15,
emotion,15,
odds,15,
workforce,15,
vessels,15,
brass,15,
pursued,15,
ph,15,
balls,15,
adviser,15,
faint,15,
handling,15,
appointments,15,
grandfather,15,
in view of,15,
motivation,15,
sympathetic,15,
publishers,15,
peoples,15,
socially,15,
investments,15,
rhythm,15,
variable,15,
Chelsea,15,
memorial,15,
well-known,15,
empirical,15,
roses,15,
ceased,15,
*,15,
fluid,15,
descriptions,15,
incidents,15,
DC,15,
dismissal,15,
appreciated,15,
communicate,15,
rushed,15,
bronze,15,
wisdom,15,
Daniel,15,
supper,15,
adventure,15,
tribute,15,
seeks,15,
promise,15,
head,15,
ye,15,
1960,15,
crop,15,
beef,15,
suited,15,
exercised,15,
respects,15,
terror,15,
circulation,15,
identifying,15,
achievements,15,
fool,15,
intentions,15,
proportions,15,
lads,15,
directory,15,
Brighton,15,
inn,15,
promoting,15,
flag,15,
separate,15,
Roberts,15,
Ward,15,
Dennis,15,
clay,15,
Cook,15,
Norway,15,
attraction,15,
ends,15,
disability,15,
championships,15,
vague,15,
virus,15,
shift,15,
ranging,15,
competence,15,
examining,15,
inform,15,
spaces,15,
goodness,15,
gang,15,
favourite,15,
preserve,15,
remembering,15,
naval,15,
molecules,15,
hearts,15,
trapped,15,
actively,15,
34,15,
leaf,15,
virgin,15,
Brussels,15,
distress,15,
resolve,15,
custody,15,
packages,15,
drinking,15,
operators,15,
myth,15,
gain,15,
voting,15,
Mick,15,
returns,15,
tourists,15,
encouragement,15,
lacking,15,
seldom,15,
processor,15,
sums,15,
integrity,15,
acknowledge,15,
shortage,15,
tobacco,15,
depressed,15,
rightly,15,
Louise,15,
remarkably,15,
repair,15,
shoot,15,
electronics,15,
wishing,15,
Kinnock,15,
G.,15,
imprisonment,15,
kings,15,
waved,15,
shared,15,
shocked,15,
uniform,15,
added,15,
reject,15,
implement,15,
pays,15,
hesitated,15,
seventh,15,
magic,15,
mid,15,
populations,15,
D.,15,
worthwhile,15,
filling,15,
crystal,15,
fraction,15,
qualified,15,
Newton,15,
Sally,15,
server,15,
Nato,15,
specimens,15,
kiss,15,
reflecting,15,
shower,15,
missing,15,
roll,15,
sword,15,
varieties,15,
clinic,15,
imply,15,
ie,15,
rivals,15,
Julia,15,
breakdown,15,
Anderson,15,
scales,15,
fan,15,
operates,15,
blank,15,
whoever,15,
scandal,15,
oldest,15,
48,15,
smart,15,
favourable,15,
filter,15,
interviewed,15,
absent,15,
mining,15,
gentlemen,15,
enemies,15,
champions,15,
Duncan,15,
exclusion,15,
boot,15,
locations,15,
Hamilton,15,
transmission,15,
custom,15,
tanks,15,
tries,15,
Gloucestershire,15,
publisher,15,
beating,15,
evidently,15,
Netherlands,15,
Polish,15,
lively,15,
exceptions,15,
Emma,15,
appeals,15,
Israeli,15,
J / j,15,
mobility,15,
reviewed,15,
buses,15,
conclude,15,
0,15,
mix,15,
shore,15,
commissioner,15,
absorbed,15,
Norwich,15,
dawn,15,
developed,15,
guards,15,
incomes,15,
parking,15,
vendor,15,
wishes,15,
republics,15,
loads,15,
barriers,15,
translation,15,
evenings,15,
Hungary,15,
lectures,15,
stimulus,15,
even so,15,
conflicts,15,
remains,15,
margin,15,
question,15,
bothered,15,
neighbourhood,15,
tourism,15,
meanings,15,
FA,15,
desktop,15,
reportedly,15,
risk,15,
zero,15,
demonstrations,15,
dividend,15,
opponent,15,
wake,15,
stiff,15,
rejection,15,
flavour,15,
relates,15,
borrow,15,
emissions,15,
38,15,
representative,15,
Midland,15,
thereafter,14,
enthusiastic,14,
observers,14,
cited,14,
quid,14,
fortnight,14,
dreadful,14,
guarantee,14,
reduced,14,
rigid,14,
killer,14,
ending,14,
trick,14,
successor,14,
execution,14,
influences,14,
temperatures,14,
mines,14,
drank,14,
coastal,14,
greeted,14,
nightmare,14,
peculiar,14,
corruption,14,
racial,14,
tray,14,
speaks,14,
cupboard,14,
creates,14,
Jordan,14,
Aberdeen,14,
harder,14,
burned,14,
appearing,14,
Swiss,14,
rabbit,14,
environments,14,
comedy,14,
referendum,14,
bureau,14,
avoiding,14,
just about,14,
matrix,14,
honestly,14,
profound,14,
journalist,14,
extended,14,
Julie,14,
tapes,14,
suspension,14,
delayed,14,
eager,14,
comply,14,
selected,14,
skirt,14,
as yet,14,
matched,14,
feminist,14,
Davis,14,
Canadian,14,
closing,14,
acts,14,
grief,14,
relaxed,14,
insight,14,
deck,14,
sensation,14,
placing,14,
sequences,14,
temple,14,
parks,14,
tactics,14,
verdict,14,
adapted,14,
enhance,14,
corresponding,14,
strings,14,
accurately,14,
running,14,
pray,14,
accent,14,
envelope,14,
interference,14,
grandmother,14,
examinations,14,
phone,14,
planned,14,
shelf,14,
deemed,14,
waist,14,
waste,14,
onwards,14,
applicable,14,
futures,14,
sauce,14,
37,14,
42,14,
immense,14,
purchase,14,
breathing,14,
allied,14,
Norfolk,14,
contest,14,
expects,14,
supports,14,
km,14,
by way of,14,
blacks,14,
decision-making,14,
Jan*,14,
coins,14,
genuinely,14,
accounted,14,
expressing,14,
assessing,14,
dance,14,
scheduled,14,
adjustment,14,
charge,14,
winds,14,
meets,14,
practically,14,
merger,14,
comparative,14,
permit,14,
celebrate,14,
vessel,14,
belonging,14,
affection,14,
outline,14,
albeit,14,
Lily,14,
leaning,14,
lounge,14,
raises,14,
Cheltenham,14,
1,14,
workshops,14,
refusing,14,
shallow,14,
dishes,14,
monitor,14,
propose,14,
blamed,14,
dioxide,14,
kind,14,
broader,14,
handling,14,
bastard,14,
except that,14,
uncomfortable,14,
affects,14,
proposition,14,
representations,14,
conservation,14,
ya,14,
makers,14,
Yugoslavia,14,
Fox,14,
P.,14,
citizen,14,
forcing,14,
productive,14,
sexuality,14,
woke,14,
bored,14,
beneficial,14,
slip,14,
campaigns,14,
handful,14,
aged,14,
collar,14,
curtain,14,
diversity,14,
hint,14,
Thompson,14,
disappear,14,
charming,14,
bonus,14,
secrets,14,
interrupted,14,
specialists,14,
accommodate,14,
frustration,14,
recommendation,14,
a great deal,14,
meantime,14,
coffin,14,
daily,14,
condemned,14,
minimal,14,
mobile,14,
academy,14,
testing,14,
independently,14,
appealed,14,
museums,14,
cruel,14,
faces,14,
murdered,14,
on board,14,
Turkish,14,
aim,14,
Will,14,
territories,14,
pressing,14,
Churchill,14,
commit,14,
verse,14,
research,14,
orange,14,
interval,14,
threats,14,
passive,14,
suspicious,14,
forgive,14,
liberty,14,
ghost,14,
rear,14,
believing,14,
correlation,14,
NT,14,
measurements,14,
1963,14,
investigating,14,
shade,14,
layers,14,
bias,14,
overwhelming,14,
certainty,14,
Sunderland,14,
cow,14,
commissioned,14,
trusts,14,
maturity,14,
resulting,14,
fatal,14,
surrounding,14,
crying,14,
planted,14,
symbolic,14,
isle,14,
historian,14,
enabling,14,
removing,14,
slope,14,
excuse,14,
angel,14,
nearby,14,
rats,14,
ICI,14,
straw,14,
1962,14,
surfaces,14,
gods,14,
foundations,14,
honours,14,
Belgium,14,
disputes,14,
insects,14,
inspiration,14,
draw,14,
presenting,14,
registered,14,
pavement,14,
telephone,14,
reserve,14,
keeper,14,
dimensions,14,
predict,14,
neighbouring,14,
validity,14,
breeze,14,
ugly,14,
expanded,14,
lasted,14,
irrelevant,14,
complain,14,
shelter,14,
patient,14,
driving,14,
wealthy,14,
upset,14,
hostility,14,
profitable,14,
rod,14,
fled,14,
compact,14,
lamp,14,
shifted,14,
supplier,14,
crossing,14,
phenomena,14,
IT,14,
measuring,14,
horizon,14,
rival,14,
making,14,
clergy,14,
marble,14,
pensioners,14,
fragments,14,
loyal,14,
Alison,14,
Stanley,14,
conscience,14,
sixties,14,
Hill,14,
saving,14,
tune,14,
moderate,14,
1961,14,
soup,14,
paths,14,
struggled,14,
popularity,14,
score,14,
singer,13,
distinguished,13,
climbing,13,
kick,13,
Betty,13,
characteristic,13,
interior,13,
episode,13,
oven,13,
basket,13,
noble,13,
forwards,13,
consisted,13,
crowds,13,
positively,13,
pole,13,
burning,13,
pet,13,
insufficient,13,
evil,13,
mysterious,13,
jet,13,
eligible,13,
behalf,13,
passes,13,
nails,13,
collaboration,13,
lorry,13,
nest,13,
varying,13,
enforcement,13,
Spencer,13,
Denmark,13,
make-up,13,
molecular,13,
managerial,13,
raid,13,
ambition,13,
middle-class,13,
brand,13,
10%,13,
migration,13,
embassy,13,
neatly,13,
looks,13,
worship,13,
Olympic,13,
devised,13,
exclude,13,
organ,13,
contrary to,13,
favoured,13,
linear,13,
Samuel,13,
cared,13,
manor,13,
detect,13,
interpret,13,
Kennedy,13,
substances,13,
crude,13,
fantasy,13,
counselling,13,
abilities,13,
treating,13,
blew,13,
embarrassment,13,
executed,13,
implication,13,
Ron,13,
printed,13,
prospective,13,
importantly,13,
so long as,13,
Preston,13,
continually,13,
Barnes,13,
executives,13,
catching,13,
forehead,13,
Ali,13,
diverse,13,
parental,13,
for ever,13,
Les*,13,
elaborate,13,
furious,13,
cigarettes,13,
definitions,13,
appreciation,13,
fiscal,13,
Kim,13,
commitments,13,
sculpture,13,
runs,13,
striker,13,
beans,13,
brush,13,
soccer,13,
spell,13,
reductions,13,
contrary,13,
soap,13,
dated,13,
with respect to,13,
stretch,13,
publish,13,
russians,13,
pig,13,
stroke,13,
ladder,13,
Greater,13,
burning,13,
expressions,13,
useless,13,
nerve,13,
pence,13,
Gabriel,13,
rumours,13,
relied,13,
Edwards,13,
let alone,13,
semantic,13,
inherent,13,
embarrassed,13,
1948,13,
specification,13,
despair,13,
yep,13,
name,13,
serum,13,
Maxwell,13,
Dick,13,
apartment,13,
Vienna,13,
deliberate,13,
stranger,13,
philosophical,13,
criterion,13,
trap,13,
pubs,13,
utterly,13,
link,13,
frowned,13,
awake,13,
bureaucracy,13,
nonetheless,13,
sunshine,13,
bloke,13,
partially,13,
remedy,13,
battery,13,
variable,13,
in touch with,13,
within,13,
forth,13,
barn,13,
ties,13,
settlements,13,
installation,13,
crashed,13,
negotiate,13,
Somerset,13,
nursing,13,
dignity,13,
promising,13,
minus,13,
criticised,13,
sacred,13,
analyse,13,
senate,13,
incentive,13,
unpleasant,13,
varied,13,
selective,13,
qualified,13,
Devon,13,
powder,13,
clauses,13,
expectation,13,
tender,13,
inclined,13,
funded,13,
alleged,13,
hidden,13,
ridge,13,
exhibitions,13,
lengths,13,
Joyce,13,
posed,13,
explicitly,13,
symbols,13,
exploitation,13,
receives,13,
1950,13,
intermediate,13,
Isabel,13,
Ltd.,13,
blocked,13,
trophy,13,
launch,13,
spotted,13,
M,13,
manufacture,13,
diesel,13,
masses,13,
protective,13,
paint,13,
2000,13,
budgets,13,
Lisa,13,
grows,13,
fortunate,13,
deserve,13,
lap,13,
concerns,13,
varies,13,
Islamic,13,
compliance,13,
defensive,13,
damage,13,
objections,13,
qualify,13,
featured,13,
suite,13,
salmon,13,
reach,13,
requests,13,
objection,13,
devoted,13,
thesis,13,
repeatedly,13,
blow,13,
palm,13,
Austria,13,
Rover,13,
parked,13,
Carter,13,
Guinness,13,
temporarily,13,
Land,13,
south-east,13,
chains,13,
worthy,13,
ozone,13,
pursuit,13,
valued,13,
divine,13,
react,13,
deals,13,
head,13,
phoned,13,
carrier,13,
jeans,13,
feedback,13,
dancing,13,
tales,13,
rally,13,
grant,13,
performing,13,
rush,13,
handicap,13,
consisting,13,
counted,13,
qualification,13,
guaranteed,13,
negligence,13,
continuity,13,
lend,13,
offers,13,
educated,13,
stuck,13,
surplus,13,
swallowed,13,
eagle,13,
printing,13,
land,13,
Willie,13,
novels,13,
driving,13,
dependence,13,
1st,13,
eighth,13,
Craig,13,
organise,13,
Cornwall,13,
orange,13,
diameter,13,
in short,13,
1939,13,
toward,13,
auction,13,
eating,13,
Max,13,
invisible,13,
determining,13,
construct,13,
faculty,13,
offenders,13,
occurring,13,
Pete,13,
charm,13,
Don,13,
suffering,13,
contempt,13,
Wimbledon,13,
reinforced,13,
specify,13,
misery,13,
dropping,13,
breasts,13,
overall,13,
Sara,13,
jewellery,13,
bacteria,13,
sin,13,
comparisons,13,
privatisation,13,
owe,13,
squadron,13,
grave,13,
codes,13,
circular,13,
misleading,13,
centred,13,
sunlight,13,
lowered,13,
invested,13,
mathematical,13,
proteins,13,
100,13,
39,13,
sanctions,13,
aggression,13,
caution,13,
loch,13,
reply,13,
direct,13,
subjected,13,
inappropriate,13,
diagram,13,
terribly,13,
St,13,
in conjunction with,13,
human,13,
liquid,13,
solar,13,
angles,13,
sorted,13,
persistent,13,
poles,13,
93,13,
laying,13,
inherited,13,
phrases,13,
doubtful,13,
calcium,13,
shake,13,
ingredients,13,
Sophie,13,
as usual,13,
admits,13,
black,13,
BR,13,
monster,13,
flames,13,
allowances,13,
sustain,13,
needle,13,
telecommunications,13,
sphere,13,
revenues,12,
guessed,12,
bowel,12,
abortion,12,
doubled,12,
prints,12,
rangers,12,
accountants,12,
screaming,12,
legend,12,
petition,12,
predominantly,12,
manual,12,
fucking,12,
lies,12,
premium,12,
photo,12,
surroundings,12,
spots,12,
gravel,12,
19th,12,
architectural,12,
bold,12,
Maastricht,12,
inheritance,12,
Harvey,12,
knock,12,
blues,12,
beyond,12,
Day,12,
emergence,12,
beautifully,12,
deeper,12,
intact,12,
cooperation,12,
convince,12,
incredible,12,
sound,12,
in line with,12,
devoted,12,
conduct,12,
united,12,
celebration,12,
43,12,
abruptly,12,
considers,12,
flights,12,
explored,12,
loves,12,
blue,12,
et al.,12,
Derby,12,
restriction,12,
prior,12,
submit,12,
gaining,12,
Santa,12,
morality,12,
tragic,12,
Dr.,12,
musicians,12,
invite,12,
Ipswich,12,
selling,12,
script,12,
coupled,12,
tap,12,
remark,12,
consist,12,
respectable,12,
pint,12,
optimistic,12,
humanity,12,
layout,12,
openly,12,
breed,12,
policemen,12,
Scots,12,
invented,12,
linking,12,
convincing,12,
Harold,12,
guide,12,
vocabulary,12,
Rob,12,
unacceptable,12,
D,12,
competent,12,
Carrie,12,
spatial,12,
ignoring,12,
applicant,12,
swiftly,12,
easier,12,
painter,12,
decisive,12,
traders,12,
pretend,12,
bargaining,12,
depended,12,
modes,12,
preventing,12,
rage,12,
respective,12,
elite*,12,
permanently,12,
seemingly,12,
bunch,12,
carers,12,
fathers,12,
engagement,12,
liquid,12,
T.,12,
Canterbury,12,
binding,12,
fires,12,
sentenced,12,
rebels,12,
founder,12,
ballet,12,
erosion,12,
Gould,12,
syndrome,12,
55,12,
relieved,12,
nursing,12,
harmony,12,
Coventry,12,
protested,12,
hut,12,
sits,12,
stops,12,
Lamont,12,
bore,12,
instructed,12,
given that,12,
fertility,12,
toxic,12,
testament,12,
1957,12,
sickness,12,
stretch,12,
Bath,12,
lemon,12,
practise,12,
mix,12,
faster,12,
integral,12,
select,12,
redundant,12,
handle,12,
throne,12,
conceived,12,
polytechnic,12,
nerves,12,
belongs,12,
privately,12,
burn,12,
gravity,12,
labelled,12,
Alfred,12,
bishops,12,
basin,12,
rings,12,
holders,12,
swing,12,
flood,12,
Christie,12,
44,12,
evolved,12,
sovereignty,12,
then,12,
applicants,12,
cows,12,
lion,12,
Virginia,12,
trail,12,
smoking,12,
trading,12,
Murray,12,
boxing,12,
amateur,12,
probable,12,
scrutiny,12,
tempted,12,
borders,12,
pan,12,
fix,12,
hydrogen,12,
accountability,12,
consulted,12,
echo,12,
sponsorship,12,
R,12,
fame,12,
El,12,
lakes,12,
protests,12,
patience,12,
documentation,12,
Geoff,12,
backing,12,
search,12,
Mozart,12,
silently,12,
passing,12,
seasons,12,
recipe,12,
fetch,12,
auditors,12,
territorial,12,
specified,12,
abandon,12,
bombs,12,
Los,12,
mineral,12,
horizontal,12,
lined,12,
Robyn,12,
booked,12,
du,12,
cleaning,12,
bear,12,
old-fashioned,12,
inland,12,
youngest,12,
envisaged,12,
floors,12,
thrust,12,
likewise,12,
strengthen,12,
penny,12,
wake,12,
Bradford,12,
overseas,12,
consult,12,
cognitive,12,
Ralph,12,
dock,12,
reaches,12,
disturbed,12,
communists,12,
slim,12,
synthesis,12,
contexts,12,
revival,12,
Reading,12,
regulatory,12,
hurried,12,
defender,12,
dry,12,
miserable,12,
walks,12,
debates,12,
dancing,12,
isolated,12,
venue,12,
Hampshire,12,
resident,12,
rounds,12,
deals,12,
packet,12,
likelihood,12,
41,12,
remaining,12,
induced,12,
guys,12,
temper,12,
comparatively,12,
calculations,12,
protecting,12,
holdings,12,
corn,12,
1947,12,
Yeltsin,12,
fusion,12,
Marxist,12,
conferences,12,
creditors,12,
questionnaire,12,
gothic,12,
scared,12,
willingness,12,
civilian,12,
shelves,12,
reporting,12,
precision,12,
divide,12,
Phillips,12,
overnight,12,
Intel,12,
Linda,12,
10000,12,
deputies,12,
Indians,12,
Trevor,12,
Juliet,12,
Watson,12,
conventions,12,
modified,12,
instant,12,
praise,12,
Des,12,
coin,12,
blown,12,
hiding,12,
galleries,12,
1940,12,
Constance,12,
outlook,12,
incurred,12,
adverse,12,
subsidiary,12,
tiles,12,
seventeenth,12,
Korean,12,
emphasised,12,
Eddie,12,
bile,12,
1959,12,
fancy,12,
accounting,12,
leaflet,12,
headmaster,12,
crack,12,
heels,12,
truck,12,
engage,12,
reporter,12,
plays,12,
Steven,12,
calm,12,
initiated,12,
brigade,12,
Dorothy,12,
unconscious,12,
convicted,12,
illustration,12,
trustees,12,
sustained,12,
alike,12,
End,12,
ideally,12,
entity,12,
tons,12,
sang,12,
telegraph,12,
negotiation,12,
opposite,12,
smell,12,
aesthetic,12,
wiped,12,
concentrating,12,
anonymous,12,
trace,12,
usage,12,
orthodox,12,
fulfil,12,
polite,12,
girlfriend,12,
lovers,12,
translated,12,
static,12,
intent,12,
cancelled,12,
inside,12,
unaware,12,
presidency,12,
corps,12,
assigned,12,
appearances,12,
exploit,12,
margins,12,
worldwide,12,
cups,12,
solved,12,
panels,12,
halt,12,
EEC,12,
Suffolk,12,
developers,12,
fantastic,12,
Lancaster,12,
seminar,12,
fashionable,12,
criticisms,12,
Cooper,12,
motorway,12,
zones,12,
foolish,12,
intake,12,
advances,12,
receipt,12,
rule,12,
regiment,12,
trades,12,
manual,12,
backs,12,
duck,12,
causal,12,
convey,12,
Tommy,12,
wee,12,
cleaning,12,
fond,12,
compatible,12,
Southampton,12,
inclusion,12,
Herbert,12,
finding,12,
lengthy,12,
two-thirds,12,
tent,12,
shed,12,
implicit,12,
250,12,
cameras,12,
dare,12,
abolition,12,
Romania,12,
pigs,12,
lace,12,
dedicated,12,
cuts,12,
perceptions,12,
ft,12,
counts,12,
earning,12,
kiss,12,
confirmation,12,
dual,12,
confronted,12,
twenty-five,12,
mistress,12,
assignment,12,
propaganda,12,
toys,12,
Arsenal,12,
Eleanor,12,
critic,12,
curiosity,12,
republican,12,
pipes,12,
reduces,12,
shooting,12,
cheerful,12,
reporting,12,
plea,12,
distinguished,12,
subjective,12,
pie,12,
priests,12,
returns,12,
tel,12,
labels,12,
width,12,
relaxation,12,
advertisement,12,
white,12,
smoke,12,
pencil,12,
legally,12,
following,12,
lacked,12,
surviving,12,
disadvantage,12,
ruling,12,
forward,12,
sleeping,11,
owl,11,
adequately,11,
reproduction,11,
F.,11,
rewards,11,
architects,11,
rear,11,
Shelley,11,
exotic,11,
ambassador,11,
1914,11,
camps,11,
displays,11,
passages,11,
gazed,11,
timetable,11,
salad,11,
purple,11,
cautious,11,
visiting,11,
Turner,11,
aggregate,11,
ignorance,11,
anticipated,11,
Parker,11,
redundancy,11,
array,11,
penalties,11,
renaissance,11,
theology,11,
try,11,
warn,11,
process,11,
ethical,11,
major,11,
proving,11,
plain,11,
protestant,11,
grid,11,
tenth,11,
takeover,11,
canvas,11,
Ted,11,
skull,11,
highlighted,11,
jokes,11,
beat,11,
pools,11,
twins,11,
borne,11,
criticized,11,
chemical,11,
omitted,11,
revision,11,
sincerely,11,
prizes,11,
salvation,11,
teenage,11,
responding,11,
indicators,11,
repairs,11,
amnesty,11,
comparing,11,
large-scale,11,
yield,11,
Claire,11,
47,11,
photography,11,
disastrous,11,
thumb,11,
dying,11,
jointly,11,
kilometres,11,
scholars,11,
ace,11,
lump,11,
delicious,11,
confidential,11,
clash,11,
market,11,
underground,11,
Blanche,11,
armed,11,
destination,11,
witnessed,11,
parameters,11,
costly,11,
restraint,11,
bit,11,
1958,11,
shaped,11,
rode,11,
tips,11,
prosperity,11,
diamond,11,
fury,11,
instinct,11,
reserved,11,
valuation,11,
contacted,11,
subsidies,11,
Hunt,11,
collector,11,
Darwin,11,
sponsored,11,
compound,11,
strengths,11,
sank,11,
defences,11,
lifestyle,11,
prejudice,11,
announce,11,
apparatus,11,
dot,11,
shoe,11,
blanket,11,
wound,11,
Christine,11,
hunger,11,
cabin,11,
photographer,11,
10,11,
stay,11,
preservation,11,
calendar,11,
assessments,11,
colony,11,
Katherine,11,
thorough,11,
medal,11,
trips,11,
washing,11,
eliminate,11,
breathe,11,
actress,11,
provinces,11,
helicopter,11,
mist,11,
clue,11,
50%,11,
dominance,11,
relaxed,11,
analysts,11,
searched,11,
grin,11,
Czechoslovakia,11,
hitting,11,
inability,11,
portion,11,
restrict,11,
Gray,11,
conspiracy,11,
Nicholson,11,
mercy,11,
log,11,
autonomous,11,
intends,11,
solidarity,11,
jail,11,
genius,11,
1920s,11,
pilots,11,
incorporate,11,
atomic,11,
blade,11,
frozen,11,
1956,11,
colourful,11,
discharge,11,
injured,11,
mask,11,
provided that,11,
Z / z,11,
Trent,11,
ease,11,
draws,11,
retire,11,
supposed,11,
ml,11,
angrily,11,
sigh,11,
stamp,11,
adjust,11,
600,11,
ferry,11,
concessions,11,
majesty,11,
Gilbert,11,
pylori,11,
uniform,11,
adjusted,11,
ashamed,11,
admired,11,
alpha,11,
referee,11,
1944,11,
Lebanon,11,
respondents,11,
Collins,11,
rested,11,
reconstruction,11,
flown,11,
individually,11,
jaw,11,
submission,11,
efficiently,11,
bitterly,11,
glorious,11,
pour,11,
illustrates,11,
Angeles,11,
amid,11,
convert,11,
wicked,11,
provoked,11,
Chapman,11,
elbow,11,
videos,11,
coherent,11,
annually,11,
le,11,
rising,11,
disciplines,11,
cliff,11,
boyfriend,11,
novel,11,
controls,11,
sweat,11,
depths,11,
Claudia,11,
cave,11,
balanced,11,
strikes,11,
stretching,11,
pains,11,
Close,11,
Tokyo,11,
Portugal,11,
racism,11,
priced,11,
delightful,11,
evaluate,11,
arbitrary,11,
Chicago,11,
Richards,11,
signature,11,
reversed,11,
heroes,11,
clarity,11,
hit,11,
screamed,11,
adjacent,11,
lid,11,
psychiatric,11,
comprising,11,
honey,11,
temptation,11,
beam,11,
immigration,11,
recordings,11,
in support of,11,
worrying,11,
weird,11,
practitioner,11,
unchanged,11,
calculation,11,
46,11,
tutor,11,
politician,11,
rolling,11,
Athens,11,
expedition,11,
electorate,11,
evolutionary,11,
scattered,11,
abolished,11,
researcher,11,
ports,11,
Chester,11,
dilemma,11,
Carl,11,
loaded,11,
IMF,11,
flung,11,
intimate,11,
fever,11,
parallel,11,
tight,11,
miracle,11,
including,11,
lawn,11,
biology,11,
Lothian,11,
failures,11,
breaks,11,
Angela,11,
shy,11,
appraisal,11,
sporting,11,
wines,11,
cleaned,11,
disciplinary,11,
occurrence,11,
smile,11,
formidable,11,
lexical,11,
graduates,11,
fined,11,
cooking,11,
privacy,11,
needles,11,
Reagan,11,
Black,11,
Ed,11,
sink,11,
march,11,
equations,11,
grim,11,
narrative,11,
HP,11,
charts,11,
polls,11,
Paula,11,
express,11,
OK,11,
limbs,11,
decorated,11,
high,11,
addressing,11,
proceeds,11,
pact,11,
Madame,11,
Merseyside,11,
revenge,11,
vice-president,11,
far from,11,
proceeded,11,
airline,11,
minerals,11,
killing,11,
accused,11,
double,11,
gradual,11,
descent,11,
mount,11,
20%,11,
homeless,11,
courtesy,11,
enhanced,11,
supermarket,11,
Blake,11,
Cheshire,11,
interfere,11,
organisers,11,
managing,11,
monitoring,11,
coming,11,
rat,11,
supporting,11,
Marcus,11,
trace,11,
approve,11,
delays,11,
pm,11,
Reynolds,11,
please,11,
yo,11,
programming,11,
training,11,
renewed,11,
Hull,11,
invention,11,
writings,11,
back,11,
excess,11,
planes,11,
legacy,11,
1,11,
challenges,11,
gaps,11,
dug,11,
Jason,11,
interpretations,11,
smallest,11,
pulse,11,
analyses,11,
Ashley,11,
rubber,11,
retired,11,
specimen,11,
outdoor,11,
shooting,11,
chosen,11,
embarrassing,11,
wrist,11,
atoms,11,
Hereford,11,
smoking,11,
incidentally,11,
preferred,11,
renewal,11,
Japanese,11,
vanished,11,
hook,11,
loudly,11,
bride,11,
Annie,11,
interactions,11,
bizarre,11,
gospel,11,
realm,11,
mainland,11,
Gen.,11,
knit,11,
appalling,11,
exchanges,11,
surgeon,11,
crews,11,
orientation,11,
I.,11,
twisted,11,
occupy,11,
flame,11,
hatred,11,
exceed,10,
Maurice,10,
laboratories,10,
reviews,10,
Bosnia,10,
agreed,10,
Butler,10,
utility,10,
conversations,10,
imaginative,10,
pursuing,10,
flour,10,
accepted,10,
wartime,10,
am*,10,
WHO,10,
governing,10,
Reid,10,
object,10,
cutting,10,
indirectly,10,
governed,10,
palestinian,10,
CD,10,
vocational,10,
von,10,
modification,10,
slopes,10,
allegedly,10,
parade,10,
free,10,
aluminium,10,
Al,10,
movies,10,
biscuits,10,
52,10,
motive,10,
register,10,
merchants,10,
hip,10,
print,10,
rabbits,10,
remedies,10,
stress,10,
trainer,10,
welcome,10,
wound*,10,
Geneva,10,
configuration,10,
boost,10,
puzzled,10,
encounter,10,
axis,10,
no matter how,10,
Clive,10,
worldwide,10,
Arnold,10,
Allan,10,
lamb,10,
laser,10,
vegetation,10,
reluctance,10,
jazz,10,
databases,10,
strengthened,10,
protocol,10,
enjoyment,10,
organisational,10,
knitting,10,
census,10,
calculate,10,
handicapped,10,
mucosa,10,
theirs,10,
1951,10,
advertisements,10,
eldest,10,
Carol,10,
1936,10,
eventual,10,
husbands,10,
fur,10,
followers,10,
wasted,10,
pump,10,
lifting,10,
practised,10,
yacht,10,
toes,10,
Shah,10,
stimulate,10,
speeches,10,
1953,10,
traced,10,
ensured,10,
v,10,
arrow,10,
journals,10,
weekends,10,
spontaneous,10,
appoint,10,
1949,10,
binding,10,
superintendent,10,
vivid,10,
corporations,10,
organisms,10,
celebrated,10,
mice,10,
motives,10,
torn,10,
tie,10,
dies,10,
1954,10,
waiting,10,
classified,10,
organs,10,
lack,10,
worlds,10,
nineteenth-century,10,
faithful,10,
shield,10,
withdrew,10,
reckoned,10,
north-west,10,
rolling,10,
as it were,10,
missiles,10,
noisy,10,
ANC,10,
hire,10,
organising,10,
quote,10,
sofa,10,
reminder,10,
Venice,10,
ministerial,10,
vol.,10,
P,10,
in search of,10,
A,10,
daylight,10,
injection,10,
graph,10,
exchanged,10,
prayers,10,
boost,10,
preparations,10,
borrowing,10,
innovative,10,
strongest,10,
audiences,10,
disclosure,10,
confrontation,10,
constitutes,10,
burnt,10,
liaison,10,
armies,10,
strangely,10,
wounds,10,
Hewlett-Packard,10,
controlled,10,
Newman,10,
cease,10,
incentives,10,
extends,10,
Mitchell,10,
echoed,10,
sexually,10,
facilitate,10,
resentment,10,
shout,10,
cage,10,
gloves,10,
1990s,10,
exploring,10,
saving,10,
Leonard,10,
crossing,10,
choir,10,
Gibson,10,
exit,10,
Sydney,10,
assumes,10,
woodland,10,
fog,10,
underneath,10,
promises,10,
Ellen,10,
nationalism,10,
Kenya,10,
commentators,10,
Ferguson,10,
metals,10,
reasoning,10,
acids,10,
hunt,10,
pop,10,
1946,10,
dirt,10,
Texas,10,
Keynes,10,
conceptual,10,
aiming,10,
stating,10,
technically,10,
heading,10,
economically,10,
constituted,10,
Union,10,
maker,10,
blowing,10,
touching,10,
tours,10,
erected,10,
ambitions,10,
spare,10,
relative to,10,
chorus,10,
Bond,10,
bladder,10,
settings,10,
dividends,10,
18th,10,
Gaulle,10,
unusually,10,
1000,10,
phases,10,
adapt,10,
colitis,10,
exploded,10,
Nelson,10,
civic,10,
bells,10,
gall,10,
120,10,
Macdonald,10,
unwilling,10,
retreat,10,
booklet,10,
enforce,10,
defining,10,
goodbye,10,
meaningful,10,
Gregory,10,
S,10,
pine,10,
borrowed,10,
bow,10,
disturbing,10,
